id,created_at,updated_at,country,average,count,s1,s2,s3,s4,s5,type,date_string
1,2018-01-19 00:18:11 UTC,2018-01-19 00:18:11 UTC,DE,4.365,87994,5208,2788,5549,15572,58877,android,20150311
2,2018-01-19 00:18:11 UTC,2018-01-19 00:18:11 UTC,DE,4.241,15833,1523,598,979,2174,10559,ios,20150311
3,2018-01-19 00:18:11 UTC,2018-01-19 00:18:11 UTC,DE,4.241,15833,1523,598,979,2174,10559,ios,20150312
4,2018-01-19 00:18:11 UTC,2018-01-19 00:18:11 UTC,DE,4.365,87994,5208,2788,5549,15572,58877,android,20150312
5,2018-01-19 00:18:11 UTC,2018-01-19 00:18:11 UTC,DE,4.365,89105,5280,2823,5621,15768,59613,android,20150316
6,2018-01-19 00:18:11 UTC,2018-01-19 00:18:11 UTC,DE,4.246,15980,1526,600,983,2185,10686,ios,20150316
7,2018-01-19 00:18:11 UTC,2018-01-19 00:18:11 UTC,DE,4.365,89105,5280,2823,5621,15768,59613,android,20150317
8,2018-01-19 00:18:11 UTC,2018-01-19 00:18:11 UTC,DE,4.246,15980,1526,600,983,2185,10686,ios,20150317
9,2018-01-19 00:18:11 UTC,2018-01-19 00:18:11 UTC,DE,4.248,16067,1527,600,984,2200,10756,ios,20150318
10,2018-01-19 00:18:11 UTC,2018-01-19 00:18:11 UTC,DE,4.365,89105,5280,2823,5621,15768,59613,android,20150318
11,2018-01-19 00:18:11 UTC,2018-01-19 00:18:11 UTC,DE,4.25,16106,1527,600,987,2201,10791,ios,20150319
12,2018-01-19 00:18:11 UTC,2018-01-19 00:18:11 UTC,DE,4.365,89105,5280,2823,5621,15768,59613,android,20150319
13,2018-01-19 00:18:11 UTC,2018-01-19 00:18:11 UTC,DE,4.251,16140,1527,601,986,2205,10821,ios,20150320
14,2018-01-19 00:18:11 UTC,2018-01-19 00:18:11 UTC,DE,4.364,90132,5351,2865,5687,15988,60241,android,20150320
15,2018-01-19 00:18:11 UTC,2018-01-19 00:18:11 UTC,DE,4.364,90132,5351,2865,5687,15988,60241,android,20150323
16,2018-01-19 00:18:11 UTC,2018-01-19 00:18:11 UTC,DE,4.25,16260,1544,603,991,2222,10900,ios,20150323
17,2018-01-19 00:18:11 UTC,2018-01-19 00:18:11 UTC,DE,4.383,26908,2042,728,1296,3659,19183,ios,20151228
18,2018-01-19 00:18:11 UTC,2018-01-19 00:18:11 UTC,DE,4.358,122257,7524,3917,7361,21886,81569,android,20151228
19,2018-01-19 00:18:11 UTC,2018-01-19 00:18:11 UTC,DE,4.497,40028,2259,828,1613,5378,29950,ios,20160629
20,2018-01-19 00:18:11 UTC,2018-01-19 00:18:11 UTC,DE,4.377,141881,8381,4273,8206,25695,95326,android,20160629
21,2018-01-19 00:18:11 UTC,2018-01-19 00:18:11 UTC,DE,4.377,141881,8381,4273,8206,25695,95326,android,20160630
22,2018-01-19 00:18:11 UTC,2018-01-19 00:18:11 UTC,DE,4.498,40079,2260,830,1613,5379,29997,ios,20160630
23,2018-01-19 00:18:11 UTC,2018-01-19 00:18:11 UTC,DE,4.377,142689,8420,4293,8243,25846,95887,android,20160704
24,2018-01-19 00:18:11 UTC,2018-01-19 00:18:11 UTC,DE,4.499,40271,2263,830,1618,5400,30160,ios,20160704
25,2018-01-19 00:18:11 UTC,2018-01-19 00:18:11 UTC,DE,4.499,40333,2263,830,1619,5407,30214,ios,20160705
26,2018-01-19 00:18:11 UTC,2018-01-19 00:18:11 UTC,DE,4.377,142689,8420,4293,8243,25846,95887,android,20160705
27,2018-01-19 00:18:11 UTC,2018-01-19 00:18:11 UTC,DE,4.377,142689,8420,4293,8243,25846,95887,android,20160706
28,2018-01-19 00:18:11 UTC,2018-01-19 00:18:11 UTC,DE,4.5,40404,2263,830,1624,5417,30270,ios,20160706
29,2018-01-19 00:18:11 UTC,2018-01-19 00:18:11 UTC,DE,4.5,40404,2263,830,1624,5417,30270,ios,20160707
30,2018-01-19 00:18:11 UTC,2018-01-19 00:18:11 UTC,DE,4.377,142689,8420,4293,8243,25846,95887,android,20160707
31,2018-01-19 00:18:11 UTC,2018-01-19 00:18:11 UTC,DE,4.377,143490,8478,4325,8291,25993,96403,android,20160708
32,2018-01-19 00:18:11 UTC,2018-01-19 00:18:11 UTC,DE,4.501,40515,2263,830,1631,5432,30359,ios,20160708
33,2018-01-19 00:18:11 UTC,2018-01-19 00:18:11 UTC,DE,4.501,40515,2263,830,1631,5432,30359,ios,20160709
34,2018-01-19 00:18:11 UTC,2018-01-19 00:18:11 UTC,DE,4.377,143490,8478,4325,8291,25993,96403,android,20160709
35,2018-01-19 00:18:11 UTC,2018-01-19 00:18:11 UTC,DE,4.501,40542,2263,829,1632,5435,30383,ios,20160710
36,2018-01-19 00:18:11 UTC,2018-01-19 00:18:11 UTC,DE,4.377,143490,8478,4325,8291,25993,96403,android,20160710
37,2018-01-19 00:18:11 UTC,2018-01-19 00:18:11 UTC,DE,4.377,143490,8478,4325,8291,25993,96403,android,20160711
38,2018-01-19 00:18:11 UTC,2018-01-19 00:18:11 UTC,DE,4.501,40584,2264,832,1636,5435,30417,ios,20160711
39,2018-01-19 00:18:11 UTC,2018-01-19 00:18:11 UTC,DE,4.501,40634,2264,830,1636,5443,30461,ios,20160712
40,2018-01-19 00:18:11 UTC,2018-01-19 00:18:11 UTC,DE,4.377,143490,8478,4325,8291,25993,96403,android,20160712
41,2018-01-19 00:18:11 UTC,2018-01-19 00:18:11 UTC,DE,4.501,40705,2268,832,1637,5453,30515,ios,20160713
42,2018-01-19 00:18:11 UTC,2018-01-19 00:18:11 UTC,DE,4.377,143490,8478,4325,8291,25993,96403,android,20160713
43,2018-01-19 00:18:11 UTC,2018-01-19 00:18:11 UTC,DE,4.377,143490,8478,4325,8291,25993,96403,android,20160714
44,2018-01-19 00:18:11 UTC,2018-01-19 00:18:11 UTC,DE,4.502,40760,2268,834,1638,5464,30556,ios,20160714
45,2018-01-19 00:18:11 UTC,2018-01-19 00:18:11 UTC,DE,4.504,41070,2271,833,1643,5509,30814,ios,20160718
46,2018-01-19 00:18:11 UTC,2018-01-19 00:18:11 UTC,DE,4.376,144138,8520,4350,8341,26113,96814,android,20160718
47,2018-01-19 00:18:11 UTC,2018-01-19 00:18:11 UTC,DE,4.504,41070,2271,833,1643,5509,30814,ios,20160719
48,2018-01-19 00:18:11 UTC,2018-01-19 00:18:11 UTC,DE,4.376,144138,8520,4350,8341,26113,96814,android,20160719
49,2018-01-19 00:18:11 UTC,2018-01-19 00:18:11 UTC,DE,4.504,41133,2271,832,1644,5520,30866,ios,20160720
50,2018-01-19 00:18:11 UTC,2018-01-19 00:18:11 UTC,DE,4.376,144138,8520,4350,8341,26113,96814,android,20160720
51,2018-01-19 00:18:11 UTC,2018-01-19 00:18:11 UTC,DE,4.505,41169,2271,833,1642,5527,30896,ios,20160721
52,2018-01-19 00:18:11 UTC,2018-01-19 00:18:11 UTC,DE,4.376,144886,8572,4370,8374,26260,97310,android,20160721
53,2018-01-19 00:18:11 UTC,2018-01-19 00:18:11 UTC,DE,4.376,144886,8572,4370,8374,26260,97310,android,20160722
54,2018-01-19 00:18:11 UTC,2018-01-19 00:18:11 UTC,DE,4.505,41210,2270,832,1645,5531,30932,ios,20160722
55,2018-01-19 00:18:11 UTC,2018-01-19 00:18:11 UTC,DE,4.376,144886,8572,4370,8374,26260,97310,android,20160725
56,2018-01-19 00:18:11 UTC,2018-01-19 00:18:11 UTC,DE,4.507,41391,2270,834,1646,5547,31094,ios,20160725
57,2018-01-19 00:18:11 UTC,2018-01-19 00:18:11 UTC,DE,4.376,144886,8572,4370,8374,26260,97310,android,20160726
58,2018-01-19 00:18:11 UTC,2018-01-19 00:18:11 UTC,DE,4.508,41481,2270,834,1647,5550,31180,ios,20160726
59,2018-01-19 00:18:11 UTC,2018-01-19 00:18:11 UTC,DE,4.376,144886,8572,4370,8374,26260,97310,android,20160727
60,2018-01-19 00:18:11 UTC,2018-01-19 00:18:11 UTC,DE,4.508,41521,2270,834,1649,5552,31216,ios,20160727
61,2018-01-19 00:18:11 UTC,2018-01-19 00:18:11 UTC,DE,4.376,145697,8619,4391,8424,26435,97828,android,20160728
62,2018-01-19 00:18:11 UTC,2018-01-19 00:18:11 UTC,DE,4.509,41593,2270,833,1651,5555,31284,ios,20160728
63,2018-01-19 00:18:11 UTC,2018-01-19 00:18:11 UTC,DE,4.376,145697,8619,4391,8424,26435,97828,android,20160729
64,2018-01-19 00:18:11 UTC,2018-01-19 00:18:11 UTC,DE,4.509,41622,2273,835,1648,5562,31304,ios,20160729
65,2018-01-19 00:18:11 UTC,2018-01-19 00:18:11 UTC,DE,4.376,145697,8619,4391,8424,26435,97828,android,20160801
66,2018-01-19 00:18:11 UTC,2018-01-19 00:18:11 UTC,DE,4.509,41705,2279,836,1652,5567,31371,ios,20160801
67,2018-01-19 00:18:11 UTC,2018-01-19 00:18:11 UTC,DE,4.376,145697,8619,4391,8424,26435,97828,android,20160802
68,2018-01-19 00:18:11 UTC,2018-01-19 00:18:11 UTC,DE,4.509,41775,2281,837,1656,5580,31421,ios,20160802
69,2018-01-19 00:18:11 UTC,2018-01-19 00:18:11 UTC,DE,4.509,41865,2281,837,1657,5588,31502,ios,20160803
70,2018-01-19 00:18:11 UTC,2018-01-19 00:18:11 UTC,DE,4.376,145697,8619,4391,8424,26435,97828,android,20160803
71,2018-01-19 00:18:11 UTC,2018-01-19 00:18:11 UTC,DE,4.376,146441,8654,4403,8463,26566,98355,android,20160804
72,2018-01-19 00:18:11 UTC,2018-01-19 00:18:11 UTC,DE,4.51,41932,2283,839,1659,5597,31554,ios,20160804
73,2018-01-19 00:18:11 UTC,2018-01-19 00:18:11 UTC,DE,4.376,146441,8654,4403,8463,26566,98355,android,20160805
74,2018-01-19 00:18:11 UTC,2018-01-19 00:18:11 UTC,DE,4.51,41976,2285,838,1660,5606,31587,ios,20160805
75,2018-01-19 00:18:11 UTC,2018-01-19 00:18:11 UTC,DE,4.376,146441,8654,4403,8463,26566,98355,android,20160808
76,2018-01-19 00:18:11 UTC,2018-01-19 00:18:11 UTC,DE,4.511,42195,2286,839,1666,5632,31772,ios,20160808
77,2018-01-19 00:18:11 UTC,2018-01-19 00:18:11 UTC,DE,4.512,42251,2287,837,1668,5638,31821,ios,20160809
78,2018-01-19 00:18:11 UTC,2018-01-19 00:18:11 UTC,DE,4.376,146441,8654,4403,8463,26566,98355,android,20160809
79,2018-01-19 00:18:11 UTC,2018-01-19 00:18:11 UTC,DE,4.376,146441,8654,4403,8463,26566,98355,android,20160810
80,2018-01-19 00:18:11 UTC,2018-01-19 00:18:11 UTC,DE,4.512,42251,2287,837,1668,5638,31821,ios,20160810
81,2018-01-19 00:18:11 UTC,2018-01-19 00:18:11 UTC,DE,4.513,42370,2287,838,1668,5654,31923,ios,20160811
82,2018-01-19 00:18:11 UTC,2018-01-19 00:18:11 UTC,DE,4.377,147225,8681,4421,8500,26708,98915,android,20160811
83,2018-01-19 00:18:11 UTC,2018-01-19 00:18:11 UTC,DE,4.377,147225,8681,4421,8500,26708,98915,android,20160812
84,2018-01-19 00:18:11 UTC,2018-01-19 00:18:11 UTC,DE,4.513,42370,2287,838,1668,5654,31923,ios,20160812
85,2018-01-19 00:18:11 UTC,2018-01-19 00:18:11 UTC,DE,4.513,42551,2290,839,1673,5681,32068,ios,20160815
86,2018-01-19 00:18:11 UTC,2018-01-19 00:18:11 UTC,DE,4.377,147225,8681,4421,8500,26708,98915,android,20160815
87,2018-01-19 00:18:11 UTC,2018-01-19 00:18:11 UTC,DE,4.514,42633,2291,839,1674,5693,32136,ios,20160816
88,2018-01-19 00:18:11 UTC,2018-01-19 00:18:11 UTC,DE,4.377,147225,8681,4421,8500,26708,98915,android,20160816
89,2018-01-19 00:18:11 UTC,2018-01-19 00:18:11 UTC,DE,4.377,147225,8681,4421,8500,26708,98915,android,20160817
90,2018-01-19 00:18:11 UTC,2018-01-19 00:18:11 UTC,DE,4.514,42686,2291,839,1675,5705,32176,ios,20160817
91,2018-01-19 00:18:11 UTC,2018-01-19 00:18:11 UTC,DE,4.377,147225,8681,4421,8500,26708,98915,android,20160818
92,2018-01-19 00:18:11 UTC,2018-01-19 00:18:11 UTC,DE,4.514,42686,2291,839,1675,5705,32176,ios,20160818
93,2018-01-19 00:18:11 UTC,2018-01-19 00:18:11 UTC,DE,4.515,42792,2292,839,1676,5711,32274,ios,20160819
94,2018-01-19 00:18:11 UTC,2018-01-19 00:18:11 UTC,DE,4.378,148351,8724,4434,8563,26942,99688,android,20160819
95,2018-01-19 00:18:11 UTC,2018-01-19 00:18:11 UTC,DE,4.516,42957,2296,842,1677,5734,32408,ios,20160822
96,2018-01-19 00:18:11 UTC,2018-01-19 00:18:11 UTC,DE,4.378,148351,8724,4434,8563,26942,99688,android,20160822
97,2018-01-19 00:18:11 UTC,2018-01-19 00:18:11 UTC,DE,4.378,148351,8724,4434,8563,26942,99688,android,20160823
98,2018-01-19 00:18:11 UTC,2018-01-19 00:18:11 UTC,DE,4.516,42957,2296,842,1677,5734,32408,ios,20160823
99,2018-01-19 00:18:11 UTC,2018-01-19 00:18:11 UTC,DE,4.378,148351,8724,4434,8563,26942,99688,android,20160824
100,2018-01-19 00:18:11 UTC,2018-01-19 00:18:11 UTC,DE,4.516,43026,2296,842,1681,5744,32463,ios,20160824
101,2018-01-19 00:18:11 UTC,2018-01-19 00:18:11 UTC,DE,4.379,149157,8752,4454,8591,27131,100229,android,20160825
102,2018-01-19 00:18:11 UTC,2018-01-19 00:18:11 UTC,DE,4.517,43154,2298,843,1680,5764,32569,ios,20160825
103,2018-01-19 00:18:11 UTC,2018-01-19 00:18:11 UTC,DE,4.379,149157,8752,4454,8591,27131,100229,android,20160829
104,2018-01-19 00:18:11 UTC,2018-01-19 00:18:11 UTC,DE,4.518,43350,2301,844,1686,5782,32737,ios,20160829
105,2018-01-19 00:18:11 UTC,2018-01-19 00:18:11 UTC,DE,4.379,149157,8752,4454,8591,27131,100229,android,20160830
106,2018-01-19 00:18:11 UTC,2018-01-19 00:18:11 UTC,DE,4.519,43437,2301,844,1691,5789,32812,ios,20160830
107,2018-01-19 00:18:11 UTC,2018-01-19 00:18:11 UTC,DE,4.379,149157,8752,4454,8591,27131,100229,android,20160831
108,2018-01-19 00:18:11 UTC,2018-01-19 00:18:11 UTC,DE,4.519,43437,2301,844,1691,5789,32812,ios,20160831
109,2018-01-19 00:18:11 UTC,2018-01-19 00:18:11 UTC,DE,4.519,43494,2301,845,1691,5795,32862,ios,20160901
110,2018-01-19 00:18:11 UTC,2018-01-19 00:18:11 UTC,DE,4.379,149157,8752,4454,8591,27131,100229,android,20160901
111,2018-01-19 00:18:11 UTC,2018-01-19 00:18:11 UTC,DE,4.379,150056,8790,4466,8631,27328,100841,android,20160902
112,2018-01-19 00:18:11 UTC,2018-01-19 00:18:11 UTC,DE,4.519,43541,2303,846,1692,5801,32899,ios,20160902
113,2018-01-19 00:18:11 UTC,2018-01-19 00:18:11 UTC,DE,4.379,150056,8790,4466,8631,27328,100841,android,20160903
114,2018-01-19 00:18:11 UTC,2018-01-19 00:18:11 UTC,DE,4.519,43541,2303,846,1692,5801,32899,ios,20160903
115,2018-01-19 00:18:11 UTC,2018-01-19 00:18:11 UTC,DE,4.52,43656,2305,849,1694,5819,32989,ios,20160904
116,2018-01-19 00:18:11 UTC,2018-01-19 00:18:11 UTC,DE,4.379,150056,8790,4466,8631,27328,100841,android,20160904
117,2018-01-19 00:18:11 UTC,2018-01-19 00:18:11 UTC,DE,4.379,150056,8790,4466,8631,27328,100841,android,20160905
118,2018-01-19 00:18:11 UTC,2018-01-19 00:18:11 UTC,DE,4.52,43686,2305,849,1696,5820,33016,ios,20160905
119,2018-01-19 00:18:11 UTC,2018-01-19 00:18:11 UTC,DE,4.379,150056,8790,4466,8631,27328,100841,android,20160906
120,2018-01-19 00:18:11 UTC,2018-01-19 00:18:11 UTC,DE,4.52,43748,2305,848,1697,5831,33067,ios,20160906
121,2018-01-19 00:18:11 UTC,2018-01-19 00:18:11 UTC,DE,4.521,43860,2308,853,1695,5847,33157,ios,20160907
122,2018-01-19 00:18:11 UTC,2018-01-19 00:18:11 UTC,DE,4.379,150056,8790,4466,8631,27328,100841,android,20160907
123,2018-01-19 00:18:11 UTC,2018-01-19 00:18:11 UTC,DE,4.379,150056,8790,4466,8631,27328,100841,android,20160908
124,2018-01-19 00:18:11 UTC,2018-01-19 00:18:11 UTC,DE,4.521,43891,2309,853,1694,5851,33184,ios,20160908
125,2018-01-19 00:18:11 UTC,2018-01-19 00:18:11 UTC,DE,4.373,151456,9056,4578,8714,27556,101552,android,20160909
126,2018-01-19 00:18:11 UTC,2018-01-19 00:18:11 UTC,DE,4.52,43969,2318,855,1701,5856,33239,ios,20160909
127,2018-01-19 00:18:11 UTC,2018-01-19 00:18:11 UTC,DE,4.373,151456,9056,4578,8714,27556,101552,android,20160910
128,2018-01-19 00:18:11 UTC,2018-01-19 00:18:11 UTC,DE,4.521,44030,2319,856,1703,5862,33290,ios,20160910
129,2018-01-19 00:18:11 UTC,2018-01-19 00:18:11 UTC,DE,4.373,151456,9056,4578,8714,27556,101552,android,20160911
130,2018-01-19 00:18:11 UTC,2018-01-19 00:18:11 UTC,DE,4.521,44077,2320,857,1701,5868,33331,ios,20160911
131,2018-01-19 00:18:11 UTC,2018-01-19 00:18:11 UTC,DE,4.521,44154,2323,857,1703,5877,33394,ios,20160912
132,2018-01-19 00:18:11 UTC,2018-01-19 00:18:11 UTC,DE,4.373,151456,9056,4578,8714,27556,101552,android,20160912
133,2018-01-19 00:18:11 UTC,2018-01-19 00:18:11 UTC,DE,4.373,151456,9056,4578,8714,27556,101552,android,20160913
134,2018-01-19 00:18:11 UTC,2018-01-19 00:18:11 UTC,DE,4.522,44223,2324,855,1710,5877,33457,ios,20160913
135,2018-01-19 00:18:11 UTC,2018-01-19 00:18:11 UTC,DE,4.373,151456,9056,4578,8714,27556,101552,android,20160914
136,2018-01-19 00:18:11 UTC,2018-01-19 00:18:11 UTC,DE,4.522,44367,2329,858,1710,5896,33574,ios,20160914
137,2018-01-19 00:18:11 UTC,2018-01-19 00:18:11 UTC,DE,4.522,44367,2329,858,1710,5896,33574,ios,20160915
138,2018-01-19 00:18:11 UTC,2018-01-19 00:18:11 UTC,DE,4.373,151456,9056,4578,8714,27556,101552,android,20160915
139,2018-01-19 00:18:11 UTC,2018-01-19 00:18:11 UTC,DE,4.522,44367,2329,858,1710,5896,33574,ios,20160916
140,2018-01-19 00:18:11 UTC,2018-01-19 00:18:11 UTC,DE,4.372,152423,9164,4625,8747,27725,102162,android,20160916
141,2018-01-19 00:18:11 UTC,2018-01-19 00:18:11 UTC,DE,4.522,44483,2330,858,1718,5921,33656,ios,20160917
142,2018-01-19 00:18:11 UTC,2018-01-19 00:18:11 UTC,DE,4.372,152423,9164,4625,8747,27725,102162,android,20160917
143,2018-01-19 00:18:11 UTC,2018-01-19 00:18:11 UTC,DE,4.523,44576,2333,858,1720,5933,33732,ios,20160919
144,2018-01-19 00:18:11 UTC,2018-01-19 00:18:11 UTC,DE,4.372,152423,9164,4625,8747,27725,102162,android,20160919
145,2018-01-19 00:18:11 UTC,2018-01-19 00:18:11 UTC,DE,4.372,152423,9164,4625,8747,27725,102162,android,20160920
146,2018-01-19 00:18:11 UTC,2018-01-19 00:18:11 UTC,DE,4.523,44659,2334,859,1722,5943,33801,ios,20160920
147,2018-01-19 00:18:11 UTC,2018-01-19 00:18:11 UTC,DE,4.372,152423,9164,4625,8747,27725,102162,android,20160921
148,2018-01-19 00:18:11 UTC,2018-01-19 00:18:11 UTC,DE,4.524,44756,2336,860,1724,5951,33885,ios,20160921
149,2018-01-19 00:18:11 UTC,2018-01-19 00:18:11 UTC,DE,4.524,44827,2336,861,1724,5963,33943,ios,20160922
150,2018-01-19 00:18:11 UTC,2018-01-19 00:18:11 UTC,DE,4.372,152423,9164,4625,8747,27725,102162,android,20160922
151,2018-01-19 00:18:11 UTC,2018-01-19 00:18:11 UTC,DE,4.524,44896,2338,862,1725,5970,34001,ios,20160923
152,2018-01-19 00:18:11 UTC,2018-01-19 00:18:11 UTC,DE,4.372,153330,9219,4655,8785,27892,102779,android,20160923
153,2018-01-19 00:18:11 UTC,2018-01-19 00:18:11 UTC,DE,4.372,153330,9219,4655,8785,27892,102779,android,20160926
154,2018-01-19 00:18:11 UTC,2018-01-19 00:18:11 UTC,DE,4.525,45187,2347,864,1734,6018,34224,ios,20160926
155,2018-01-19 00:18:11 UTC,2018-01-19 00:18:11 UTC,DE,4.372,153330,9219,4655,8785,27892,102779,android,20160927
156,2018-01-19 00:18:11 UTC,2018-01-19 00:18:11 UTC,DE,4.525,45187,2347,864,1734,6018,34224,ios,20160927
157,2018-01-19 00:18:11 UTC,2018-01-19 00:18:11 UTC,DE,4.372,153330,9219,4655,8785,27892,102779,android,20160928
158,2018-01-19 00:18:11 UTC,2018-01-19 00:18:11 UTC,DE,4.525,45283,2350,866,1730,6034,34303,ios,20160928
159,2018-01-19 00:18:11 UTC,2018-01-19 00:18:11 UTC,DE,4.526,45344,2350,865,1731,6042,34356,ios,20160929
160,2018-01-19 00:18:11 UTC,2018-01-19 00:18:11 UTC,DE,4.372,154142,9253,4673,8820,28057,103339,android,20160929
161,2018-01-19 00:18:11 UTC,2018-01-19 00:18:11 UTC,DE,4.372,154142,9253,4673,8820,28057,103339,android,20160930
162,2018-01-19 00:18:11 UTC,2018-01-19 00:18:11 UTC,DE,4.526,45399,2350,865,1736,6055,34393,ios,20160930
163,2018-01-19 00:18:11 UTC,2018-01-19 00:18:11 UTC,DE,4.526,45455,2351,866,1738,6061,34439,ios,20161001
164,2018-01-19 00:18:11 UTC,2018-01-19 00:18:11 UTC,DE,4.372,154142,9253,4673,8820,28057,103339,android,20161001
165,2018-01-19 00:18:11 UTC,2018-01-19 00:18:11 UTC,DE,4.526,45518,2352,869,1738,6072,34487,ios,20161002
166,2018-01-19 00:18:11 UTC,2018-01-19 00:18:11 UTC,DE,4.372,154142,9253,4673,8820,28057,103339,android,20161002
167,2018-01-19 00:18:11 UTC,2018-01-19 00:18:11 UTC,DE,4.372,154142,9253,4673,8820,28057,103339,android,20161003
168,2018-01-19 00:18:11 UTC,2018-01-19 00:18:11 UTC,DE,4.526,45583,2354,868,1742,6085,34534,ios,20161003
169,2018-01-19 00:18:11 UTC,2018-01-19 00:18:11 UTC,DE,4.527,45659,2354,870,1743,6089,34603,ios,20161004
170,2018-01-19 00:18:11 UTC,2018-01-19 00:18:11 UTC,DE,4.372,154142,9253,4673,8820,28057,103339,android,20161004
171,2018-01-19 00:18:11 UTC,2018-01-19 00:18:11 UTC,DE,4.527,45749,2356,870,1743,6098,34682,ios,20161005
172,2018-01-19 00:18:11 UTC,2018-01-19 00:18:11 UTC,DE,4.372,154142,9253,4673,8820,28057,103339,android,20161005
173,2018-01-19 00:18:11 UTC,2018-01-19 00:18:11 UTC,DE,4.528,45842,2356,871,1741,6118,34756,ios,20161006
174,2018-01-19 00:18:11 UTC,2018-01-19 00:18:11 UTC,DE,4.372,154142,9253,4673,8820,28057,103339,android,20161006
175,2018-01-19 00:18:11 UTC,2018-01-19 00:18:11 UTC,DE,4.529,45905,2356,871,1743,6121,34814,ios,20161007
176,2018-01-19 00:18:11 UTC,2018-01-19 00:18:11 UTC,DE,4.373,155077,9279,4693,8867,28261,103977,android,20161007
177,2018-01-19 00:18:11 UTC,2018-01-19 00:18:11 UTC,DE,4.529,45974,2357,873,1742,6130,34872,ios,20161008
178,2018-01-19 00:18:11 UTC,2018-01-19 00:18:11 UTC,DE,4.373,155077,9279,4693,8867,28261,103977,android,20161008
179,2018-01-19 00:18:11 UTC,2018-01-19 00:18:11 UTC,DE,4.373,155077,9279,4693,8867,28261,103977,android,20161009
180,2018-01-19 00:18:11 UTC,2018-01-19 00:18:11 UTC,DE,4.529,46048,2359,874,1747,6137,34931,ios,20161009
181,2018-01-19 00:18:11 UTC,2018-01-19 00:18:11 UTC,DE,4.529,46108,2360,874,1746,6141,34987,ios,20161010
182,2018-01-19 00:18:11 UTC,2018-01-19 00:18:11 UTC,DE,4.373,155077,9279,4693,8867,28261,103977,android,20161010
183,2018-01-19 00:18:11 UTC,2018-01-19 00:18:11 UTC,DE,4.53,46194,2359,876,1749,6150,35060,ios,20161011
184,2018-01-19 00:18:11 UTC,2018-01-19 00:18:11 UTC,DE,4.373,155077,9279,4693,8867,28261,103977,android,20161011
185,2018-01-19 00:18:11 UTC,2018-01-19 00:18:11 UTC,DE,4.373,155077,9279,4693,8867,28261,103977,android,20161012
186,2018-01-19 00:18:11 UTC,2018-01-19 00:18:11 UTC,DE,4.531,46289,2359,876,1750,6155,35149,ios,20161012
187,2018-01-19 00:18:11 UTC,2018-01-19 00:18:11 UTC,DE,4.531,46362,2362,877,1750,6171,35202,ios,20161013
188,2018-01-19 00:18:11 UTC,2018-01-19 00:18:11 UTC,DE,4.373,155077,9279,4693,8867,28261,103977,android,20161013
189,2018-01-19 00:18:11 UTC,2018-01-19 00:18:11 UTC,DE,4.531,46412,2363,875,1751,6174,35249,ios,20161014
190,2018-01-19 00:18:11 UTC,2018-01-19 00:18:11 UTC,DE,4.373,155077,9279,4693,8867,28261,103977,android,20161014
191,2018-01-19 00:18:11 UTC,2018-01-19 00:18:11 UTC,DE,4.373,155077,9279,4693,8867,28261,103977,android,20161015
192,2018-01-19 00:18:11 UTC,2018-01-19 00:18:11 UTC,DE,4.532,46490,2363,880,1752,6180,35315,ios,20161015
193,2018-01-19 00:18:11 UTC,2018-01-19 00:18:11 UTC,DE,4.373,155077,9279,4693,8867,28261,103977,android,20161016
194,2018-01-19 00:18:11 UTC,2018-01-19 00:18:11 UTC,DE,4.531,46559,2368,880,1752,6199,35360,ios,20161016
195,2018-01-19 00:18:11 UTC,2018-01-19 00:18:11 UTC,DE,4.532,46632,2370,879,1751,6206,35426,ios,20161017
196,2018-01-19 00:18:11 UTC,2018-01-19 00:18:11 UTC,DE,4.373,155077,9279,4693,8867,28261,103977,android,20161017
197,2018-01-19 00:18:11 UTC,2018-01-19 00:18:11 UTC,DE,4.373,155077,9279,4693,8867,28261,103977,android,20161018
198,2018-01-19 00:18:11 UTC,2018-01-19 00:18:11 UTC,DE,4.533,46800,2370,880,1759,6226,35565,ios,20161018
199,2018-01-19 00:18:11 UTC,2018-01-19 00:18:11 UTC,DE,4.533,46800,2370,880,1759,6226,35565,ios,20161019
200,2018-01-19 00:18:11 UTC,2018-01-19 00:18:11 UTC,DE,4.373,155077,9279,4693,8867,28261,103977,android,20161019
201,2018-01-19 00:18:11 UTC,2018-01-19 00:18:11 UTC,DE,4.533,46858,2370,882,1759,6239,35608,ios,20161020
202,2018-01-19 00:18:11 UTC,2018-01-19 00:18:11 UTC,DE,4.374,156864,9364,4718,8969,28582,105231,android,20161020
203,2018-01-19 00:18:11 UTC,2018-01-19 00:18:11 UTC,DE,4.374,156864,9364,4718,8969,28582,105231,android,20161021
204,2018-01-19 00:18:11 UTC,2018-01-19 00:18:11 UTC,DE,4.533,46931,2371,882,1760,6248,35670,ios,20161021
205,2018-01-19 00:18:11 UTC,2018-01-19 00:18:11 UTC,DE,4.374,156864,9364,4718,8969,28582,105231,android,20161022
206,2018-01-19 00:18:11 UTC,2018-01-19 00:18:11 UTC,DE,4.534,47070,2374,884,1761,6264,35787,ios,20161022
207,2018-01-19 00:18:11 UTC,2018-01-19 00:18:11 UTC,DE,4.374,156864,9364,4718,8969,28582,105231,android,20161023
208,2018-01-19 00:18:11 UTC,2018-01-19 00:18:11 UTC,DE,4.534,47137,2378,885,1763,6272,35839,ios,20161023
209,2018-01-19 00:18:11 UTC,2018-01-19 00:18:11 UTC,DE,4.374,156864,9364,4718,8969,28582,105231,android,20161024
210,2018-01-19 00:18:11 UTC,2018-01-19 00:18:11 UTC,DE,4.534,47226,2380,886,1765,6290,35905,ios,20161024
211,2018-01-19 00:18:11 UTC,2018-01-19 00:18:11 UTC,DE,4.535,47358,2382,884,1768,6311,36013,ios,20161025
212,2018-01-19 00:18:11 UTC,2018-01-19 00:18:11 UTC,DE,4.374,156864,9364,4718,8969,28582,105231,android,20161025
213,2018-01-19 00:18:11 UTC,2018-01-19 00:18:11 UTC,DE,4.374,156864,9364,4718,8969,28582,105231,android,20161026
214,2018-01-19 00:18:11 UTC,2018-01-19 00:18:11 UTC,DE,4.535,47414,2382,886,1767,6316,36063,ios,20161026
215,2018-01-19 00:18:11 UTC,2018-01-19 00:18:11 UTC,DE,4.373,157834,9462,4756,9025,28756,105835,android,20161027
216,2018-01-19 00:18:11 UTC,2018-01-19 00:18:11 UTC,DE,4.535,47414,2382,886,1767,6316,36063,ios,20161027
217,2018-01-19 00:18:11 UTC,2018-01-19 00:18:11 UTC,DE,4.373,157834,9462,4756,9025,28756,105835,android,20161101
218,2018-01-19 00:18:11 UTC,2018-01-19 00:18:11 UTC,DE,4.535,47687,2396,888,1775,6379,36249,ios,20161101
219,2018-01-19 00:18:11 UTC,2018-01-19 00:18:11 UTC,DE,4.373,157834,9462,4756,9025,28756,105835,android,20161102
220,2018-01-19 00:18:11 UTC,2018-01-19 00:18:11 UTC,DE,4.535,47795,2397,888,1779,6396,36335,ios,20161102
221,2018-01-19 00:18:11 UTC,2018-01-19 00:18:11 UTC,DE,4.536,47856,2398,887,1781,6398,36392,ios,20161103
222,2018-01-19 00:18:11 UTC,2018-01-19 00:18:11 UTC,DE,4.373,157834,9462,4756,9025,28756,105835,android,20161103
223,2018-01-19 00:18:11 UTC,2018-01-19 00:18:11 UTC,DE,4.373,158613,9524,4768,9058,28898,106365,android,20161104
224,2018-01-19 00:18:11 UTC,2018-01-19 00:18:11 UTC,DE,4.536,47944,2400,889,1782,6405,36468,ios,20161104
225,2018-01-19 00:18:11 UTC,2018-01-19 00:18:11 UTC,DE,4.537,48191,2400,892,1792,6437,36670,ios,20161107
226,2018-01-19 00:18:11 UTC,2018-01-19 00:18:11 UTC,DE,4.373,158613,9524,4768,9058,28898,106365,android,20161107
227,2018-01-19 00:18:11 UTC,2018-01-19 00:18:11 UTC,DE,4.373,158613,9524,4768,9058,28898,106365,android,20161108
228,2018-01-19 00:18:11 UTC,2018-01-19 00:18:11 UTC,DE,4.538,48294,2400,893,1796,6450,36755,ios,20161108
229,2018-01-19 00:18:11 UTC,2018-01-19 00:18:11 UTC,DE,4.373,158613,9524,4768,9058,28898,106365,android,20161109
230,2018-01-19 00:18:11 UTC,2018-01-19 00:18:11 UTC,DE,4.538,48349,2402,895,1795,6456,36801,ios,20161109
231,2018-01-19 00:18:11 UTC,2018-01-19 00:18:11 UTC,DE,4.373,158613,9524,4768,9058,28898,106365,android,20161110
232,2018-01-19 00:18:11 UTC,2018-01-19 00:18:11 UTC,DE,4.538,48429,2405,896,1796,6468,36864,ios,20161110
233,2018-01-19 00:18:11 UTC,2018-01-19 00:18:11 UTC,DE,4.538,48489,2408,894,1798,6476,36913,ios,20161111
234,2018-01-19 00:18:11 UTC,2018-01-19 00:18:11 UTC,DE,4.374,159527,9575,4778,9097,29068,107009,android,20161111
235,2018-01-19 00:18:11 UTC,2018-01-19 00:18:11 UTC,DE,4.539,48546,2407,895,1801,6484,36959,ios,20161112
236,2018-01-19 00:18:11 UTC,2018-01-19 00:18:11 UTC,DE,4.374,159527,9575,4778,9097,29068,107009,android,20161112
237,2018-01-19 00:18:11 UTC,2018-01-19 00:18:11 UTC,DE,4.539,48611,2409,895,1803,6495,37009,ios,20161113
238,2018-01-19 00:18:11 UTC,2018-01-19 00:18:11 UTC,DE,4.374,159527,9575,4778,9097,29068,107009,android,20161113
239,2018-01-19 00:18:11 UTC,2018-01-19 00:18:11 UTC,DE,4.539,48681,2410,894,1802,6503,37072,ios,20161114
240,2018-01-19 00:18:11 UTC,2018-01-19 00:18:11 UTC,DE,4.374,159527,9575,4778,9097,29068,107009,android,20161114
241,2018-01-19 00:18:11 UTC,2018-01-19 00:18:11 UTC,DE,4.374,159527,9575,4778,9097,29068,107009,android,20161115
242,2018-01-19 00:18:11 UTC,2018-01-19 00:18:11 UTC,DE,4.54,48776,2411,895,1803,6516,37151,ios,20161115
243,2018-01-19 00:18:11 UTC,2018-01-19 00:18:11 UTC,DE,4.374,159527,9575,4778,9097,29068,107009,android,20161116
244,2018-01-19 00:18:11 UTC,2018-01-19 00:18:11 UTC,DE,4.54,48840,2410,897,1807,6524,37202,ios,20161116
245,2018-01-19 00:18:11 UTC,2018-01-19 00:18:11 UTC,DE,4.374,159527,9575,4778,9097,29068,107009,android,20161117
246,2018-01-19 00:18:11 UTC,2018-01-19 00:18:11 UTC,DE,4.54,48890,2410,898,1807,6529,37246,ios,20161117
247,2018-01-19 00:18:11 UTC,2018-01-19 00:18:11 UTC,DE,4.54,48953,2411,896,1808,6546,37292,ios,20161118
248,2018-01-19 00:18:11 UTC,2018-01-19 00:18:11 UTC,DE,4.374,160386,9619,4800,9139,29233,107595,android,20161118
249,2018-01-19 00:18:11 UTC,2018-01-19 00:18:11 UTC,DE,4.541,49029,2411,898,1808,6551,37361,ios,20161119
250,2018-01-19 00:18:11 UTC,2018-01-19 00:18:11 UTC,DE,4.374,160386,9619,4800,9139,29233,107595,android,20161119
251,2018-01-19 00:18:11 UTC,2018-01-19 00:18:11 UTC,DE,4.374,160386,9619,4800,9139,29233,107595,android,20161120
252,2018-01-19 00:18:11 UTC,2018-01-19 00:18:11 UTC,DE,4.541,49060,2411,898,1807,6556,37388,ios,20161120
253,2018-01-19 00:18:11 UTC,2018-01-19 00:18:11 UTC,DE,4.374,160386,9619,4800,9139,29233,107595,android,20161121
254,2018-01-19 00:18:11 UTC,2018-01-19 00:18:11 UTC,DE,4.542,49132,2413,897,1809,6566,37447,ios,20161121
255,2018-01-19 00:18:11 UTC,2018-01-19 00:18:11 UTC,DE,4.542,49235,2416,899,1813,6578,37529,ios,20161122
256,2018-01-19 00:18:11 UTC,2018-01-19 00:18:11 UTC,DE,4.374,160386,9619,4800,9139,29233,107595,android,20161122
257,2018-01-19 00:18:11 UTC,2018-01-19 00:18:11 UTC,DE,4.374,160386,9619,4800,9139,29233,107595,android,20161123
258,2018-01-19 00:18:11 UTC,2018-01-19 00:18:11 UTC,DE,4.542,49293,2418,900,1814,6583,37578,ios,20161123
259,2018-01-19 00:18:11 UTC,2018-01-19 00:18:11 UTC,DE,4.374,160386,9619,4800,9139,29233,107595,android,20161124
260,2018-01-19 00:18:11 UTC,2018-01-19 00:18:11 UTC,DE,4.542,49339,2419,900,1815,6590,37615,ios,20161124
261,2018-01-19 00:18:11 UTC,2018-01-19 00:18:11 UTC,DE,4.543,49539,2420,901,1819,6610,37789,ios,20161128
262,2018-01-19 00:18:11 UTC,2018-01-19 00:18:11 UTC,DE,4.374,161178,9677,4822,9178,29358,108143,android,20161128
263,2018-01-19 00:18:11 UTC,2018-01-19 00:18:11 UTC,DE,4.374,161178,9677,4822,9178,29358,108143,android,20161129
264,2018-01-19 00:18:11 UTC,2018-01-19 00:18:11 UTC,DE,4.543,49635,2421,901,1821,6631,37861,ios,20161129
265,2018-01-19 00:18:11 UTC,2018-01-19 00:18:11 UTC,DE,4.374,161178,9677,4822,9178,29358,108143,android,20161130
266,2018-01-19 00:18:11 UTC,2018-01-19 00:18:11 UTC,DE,4.544,49678,2422,900,1826,6629,37901,ios,20161130
267,2018-01-19 00:18:11 UTC,2018-01-19 00:18:11 UTC,DE,4.374,161178,9677,4822,9178,29358,108143,android,20161201
268,2018-01-19 00:18:11 UTC,2018-01-19 00:18:11 UTC,DE,4.544,49737,2425,901,1826,6641,37944,ios,20161201
269,2018-01-19 00:18:11 UTC,2018-01-19 00:18:11 UTC,DE,4.374,162044,9722,4842,9215,29532,108733,android,20161202
270,2018-01-19 00:18:11 UTC,2018-01-19 00:18:11 UTC,DE,4.544,49803,2424,901,1828,6648,38002,ios,20161202
271,2018-01-19 00:18:11 UTC,2018-01-19 00:18:11 UTC,DE,4.374,162044,9722,4842,9215,29532,108733,android,20161203
272,2018-01-19 00:18:11 UTC,2018-01-19 00:18:11 UTC,DE,4.545,49861,2423,903,1830,6650,38055,ios,20161203
273,2018-01-19 00:18:11 UTC,2018-01-19 00:18:11 UTC,DE,4.374,162044,9722,4842,9215,29532,108733,android,20161205
274,2018-01-19 00:18:11 UTC,2018-01-19 00:18:11 UTC,DE,4.545,49998,2429,903,1837,6668,38161,ios,20161205
275,2018-01-19 00:18:11 UTC,2018-01-19 00:18:11 UTC,DE,4.545,49998,2429,903,1837,6668,38161,ios,20161206
276,2018-01-19 00:18:11 UTC,2018-01-19 00:18:11 UTC,DE,4.374,162044,9722,4842,9215,29532,108733,android,20161206
277,2018-01-19 00:18:11 UTC,2018-01-19 00:18:11 UTC,DE,4.374,162044,9722,4842,9215,29532,108733,android,20161207
278,2018-01-19 00:18:11 UTC,2018-01-19 00:18:11 UTC,DE,4.545,50060,2429,904,1839,6679,38209,ios,20161207
279,2018-01-19 00:18:11 UTC,2018-01-19 00:18:11 UTC,DE,4.374,162044,9722,4842,9215,29532,108733,android,20161208
280,2018-01-19 00:18:11 UTC,2018-01-19 00:18:11 UTC,DE,4.545,50111,2433,905,1838,6682,38253,ios,20161208
281,2018-01-19 00:18:11 UTC,2018-01-19 00:18:11 UTC,DE,4.374,162819,9791,4860,9258,29690,109220,android,20161212
282,2018-01-19 00:18:11 UTC,2018-01-19 00:18:11 UTC,DE,4.546,50350,2436,905,1844,6712,38453,ios,20161212
283,2018-01-19 00:18:11 UTC,2018-01-19 00:18:11 UTC,DE,4.374,162819,9791,4860,9258,29690,109220,android,20161213
284,2018-01-19 00:18:11 UTC,2018-01-19 00:18:11 UTC,DE,4.546,50350,2436,905,1844,6712,38453,ios,20161213
285,2018-01-19 00:18:11 UTC,2018-01-19 00:18:11 UTC,DE,4.546,50438,2436,905,1849,6726,38522,ios,20161214
286,2018-01-19 00:18:11 UTC,2018-01-19 00:18:11 UTC,DE,4.374,162819,9791,4860,9258,29690,109220,android,20161214
287,2018-01-19 00:18:11 UTC,2018-01-19 00:18:11 UTC,DE,4.374,162819,9791,4860,9258,29690,109220,android,20161215
288,2018-01-19 00:18:11 UTC,2018-01-19 00:18:11 UTC,DE,4.546,50497,2436,908,1850,6741,38562,ios,20161215
289,2018-01-19 00:18:11 UTC,2018-01-19 00:18:11 UTC,DE,4.546,50562,2441,909,1852,6753,38607,ios,20161216
290,2018-01-19 00:18:11 UTC,2018-01-19 00:18:11 UTC,DE,4.374,163695,9858,4881,9299,29870,109787,android,20161216
291,2018-01-19 00:18:11 UTC,2018-01-19 00:18:11 UTC,DE,4.546,50614,2442,910,1854,6763,38645,ios,20161217
292,2018-01-19 00:18:11 UTC,2018-01-19 00:18:11 UTC,DE,4.374,163695,9858,4881,9299,29870,109787,android,20161217
293,2018-01-19 00:18:11 UTC,2018-01-19 00:18:11 UTC,DE,4.374,163695,9858,4881,9299,29870,109787,android,20161218
294,2018-01-19 00:18:11 UTC,2018-01-19 00:18:11 UTC,DE,4.546,50651,2445,909,1856,6765,38676,ios,20161218
295,2018-01-19 00:18:11 UTC,2018-01-19 00:18:11 UTC,DE,4.546,50682,2446,910,1857,6772,38697,ios,20161219
296,2018-01-19 00:18:11 UTC,2018-01-19 00:18:11 UTC,DE,4.374,163695,9858,4881,9299,29870,109787,android,20161219
297,2018-01-19 00:18:11 UTC,2018-01-19 00:18:11 UTC,DE,4.546,50734,2447,912,1860,6781,38734,ios,20161220
298,2018-01-19 00:18:11 UTC,2018-01-19 00:18:11 UTC,DE,4.374,163695,9858,4881,9299,29870,109787,android,20161220
299,2018-01-19 00:18:11 UTC,2018-01-19 00:18:11 UTC,DE,4.374,163695,9858,4881,9299,29870,109787,android,20161221
300,2018-01-19 00:18:11 UTC,2018-01-19 00:18:11 UTC,DE,4.546,50790,2447,916,1862,6792,38773,ios,20161221
301,2018-01-19 00:18:11 UTC,2018-01-19 00:18:11 UTC,DE,4.374,163695,9858,4881,9299,29870,109787,android,20161222
302,2018-01-19 00:18:11 UTC,2018-01-19 00:18:11 UTC,DE,4.546,50827,2447,916,1867,6798,38799,ios,20161222
303,2018-01-19 00:18:11 UTC,2018-01-19 00:18:11 UTC,DE,4.373,165132,9978,4930,9359,30155,110710,android,20170102
304,2018-01-19 00:18:11 UTC,2018-01-19 00:18:11 UTC,DE,4.548,51376,2458,919,1883,6868,39248,ios,20170102
305,2018-01-19 00:18:11 UTC,2018-01-19 00:18:11 UTC,DE,4.548,51434,2460,919,1884,6880,39291,ios,20170103
306,2018-01-19 00:18:11 UTC,2018-01-19 00:18:11 UTC,DE,4.373,165132,9978,4930,9359,30155,110710,android,20170103
307,2018-01-19 00:18:11 UTC,2018-01-19 00:18:11 UTC,DE,4.373,165132,9978,4930,9359,30155,110710,android,20170104
308,2018-01-19 00:18:11 UTC,2018-01-19 00:18:11 UTC,DE,4.548,51511,2461,920,1887,6889,39354,ios,20170104
309,2018-01-19 00:18:11 UTC,2018-01-19 00:18:11 UTC,DE,4.373,165908,10017,4939,9393,30345,111214,android,20170105
310,2018-01-19 00:18:11 UTC,2018-01-19 00:18:11 UTC,DE,4.549,51604,2463,923,1887,6904,39427,ios,20170105
311,2018-01-19 00:18:11 UTC,2018-01-19 00:18:11 UTC,DE,4.373,165908,10017,4939,9393,30345,111214,android,20170106
312,2018-01-19 00:18:11 UTC,2018-01-19 00:18:11 UTC,DE,4.549,51684,2463,922,1889,6920,39490,ios,20170106
313,2018-01-19 00:18:11 UTC,2018-01-19 00:18:11 UTC,DE,4.373,165908,10017,4939,9393,30345,111214,android,20170107
314,2018-01-19 00:18:11 UTC,2018-01-19 00:18:11 UTC,DE,4.549,51720,2465,922,1887,6923,39523,ios,20170107
315,2018-01-19 00:18:11 UTC,2018-01-19 00:18:11 UTC,DE,4.549,51841,2466,922,1892,6943,39618,ios,20170108
316,2018-01-19 00:18:11 UTC,2018-01-19 00:18:11 UTC,DE,4.373,165908,10017,4939,9393,30345,111214,android,20170108
317,2018-01-19 00:18:11 UTC,2018-01-19 00:18:11 UTC,DE,4.373,165908,10017,4939,9393,30345,111214,android,20170109
318,2018-01-19 00:18:11 UTC,2018-01-19 00:18:11 UTC,DE,4.55,51919,2465,924,1889,6957,39684,ios,20170109
319,2018-01-19 00:18:11 UTC,2018-01-19 00:18:11 UTC,DE,4.55,52065,2467,923,1895,6978,39802,ios,20170110
320,2018-01-19 00:18:11 UTC,2018-01-19 00:18:11 UTC,DE,4.373,165908,10017,4939,9393,30345,111214,android,20170110
321,2018-01-19 00:18:11 UTC,2018-01-19 00:18:11 UTC,DE,4.551,52146,2468,922,1896,6992,39868,ios,20170111
322,2018-01-19 00:18:11 UTC,2018-01-19 00:18:11 UTC,DE,4.373,165908,10017,4939,9393,30345,111214,android,20170111
323,2018-01-19 00:18:11 UTC,2018-01-19 00:18:11 UTC,DE,4.373,166776,10059,4948,9447,30517,111805,android,20170112
324,2018-01-19 00:18:11 UTC,2018-01-19 00:18:11 UTC,DE,4.551,52194,2468,923,1898,6994,39911,ios,20170112
325,2018-01-19 00:18:11 UTC,2018-01-19 00:18:11 UTC,DE,4.551,52262,2469,924,1900,7002,39967,ios,20170113
326,2018-01-19 00:18:11 UTC,2018-01-19 00:18:11 UTC,DE,4.373,166776,10059,4948,9447,30517,111805,android,20170113
327,2018-01-19 00:18:11 UTC,2018-01-19 00:18:11 UTC,DE,4.551,52330,2472,924,1905,7009,40020,ios,20170114
328,2018-01-19 00:18:11 UTC,2018-01-19 00:18:11 UTC,DE,4.373,166776,10059,4948,9447,30517,111805,android,20170114
329,2018-01-19 00:18:11 UTC,2018-01-19 00:18:11 UTC,DE,4.373,166776,10059,4948,9447,30517,111805,android,20170115
330,2018-01-19 00:18:11 UTC,2018-01-19 00:18:11 UTC,DE,4.551,52384,2472,926,1906,7017,40063,ios,20170115
331,2018-01-19 00:18:11 UTC,2018-01-19 00:18:11 UTC,DE,4.552,52484,2472,927,1907,7026,40152,ios,20170116
332,2018-01-19 00:18:11 UTC,2018-01-19 00:18:11 UTC,DE,4.373,166776,10059,4948,9447,30517,111805,android,20170116
333,2018-01-19 00:18:11 UTC,2018-01-19 00:18:11 UTC,DE,4.373,166776,10059,4948,9447,30517,111805,android,20170117
334,2018-01-19 00:18:11 UTC,2018-01-19 00:18:11 UTC,DE,4.552,52572,2472,928,1910,7041,40221,ios,20170117
335,2018-01-19 00:18:11 UTC,2018-01-19 00:18:11 UTC,DE,4.373,166776,10059,4948,9447,30517,111805,android,20170118
336,2018-01-19 00:18:11 UTC,2018-01-19 00:18:11 UTC,DE,4.553,52623,2473,928,1910,7046,40266,ios,20170118
337,2018-01-19 00:18:11 UTC,2018-01-19 00:18:11 UTC,DE,4.373,167643,10111,4970,9498,30709,112355,android,20170119
338,2018-01-19 00:18:11 UTC,2018-01-19 00:18:11 UTC,DE,4.553,52682,2471,929,1914,7051,40317,ios,20170119
339,2018-01-19 00:18:11 UTC,2018-01-19 00:18:11 UTC,DE,4.373,167643,10111,4970,9498,30709,112355,android,20170120
340,2018-01-19 00:18:11 UTC,2018-01-19 00:18:11 UTC,DE,4.553,52738,2470,931,1914,7058,40365,ios,20170120
341,2018-01-19 00:18:11 UTC,2018-01-19 00:18:11 UTC,DE,4.553,52800,2473,930,1918,7065,40414,ios,20170121
342,2018-01-19 00:18:11 UTC,2018-01-19 00:18:11 UTC,DE,4.373,167643,10111,4970,9498,30709,112355,android,20170121
343,2018-01-19 00:18:11 UTC,2018-01-19 00:18:11 UTC,DE,4.373,167643,10111,4970,9498,30709,112355,android,20170122
344,2018-01-19 00:18:11 UTC,2018-01-19 00:18:11 UTC,DE,4.553,52876,2473,932,1926,7077,40468,ios,20170122
345,2018-01-19 00:18:11 UTC,2018-01-19 00:18:11 UTC,DE,4.373,167643,10111,4970,9498,30709,112355,android,20170123
346,2018-01-19 00:18:11 UTC,2018-01-19 00:18:11 UTC,DE,4.554,52928,2472,935,1925,7084,40512,ios,20170123
347,2018-01-19 00:18:11 UTC,2018-01-19 00:18:11 UTC,DE,4.373,167643,10111,4970,9498,30709,112355,android,20170124
348,2018-01-19 00:18:11 UTC,2018-01-19 00:18:11 UTC,DE,4.554,53028,2474,933,1930,7099,40592,ios,20170124
349,2018-01-19 00:18:11 UTC,2018-01-19 00:18:11 UTC,DE,4.554,53090,2475,937,1929,7104,40645,ios,20170125
350,2018-01-19 00:18:11 UTC,2018-01-19 00:18:11 UTC,DE,4.373,167643,10111,4970,9498,30709,112355,android,20170125
351,2018-01-19 00:18:11 UTC,2018-01-19 00:18:11 UTC,DE,4.374,168534,10149,4988,9534,30890,112973,android,20170126
352,2018-01-19 00:18:11 UTC,2018-01-19 00:18:11 UTC,DE,4.554,53090,2475,937,1929,7104,40645,ios,20170126
353,2018-01-19 00:18:11 UTC,2018-01-19 00:18:11 UTC,DE,4.554,53142,2476,937,1930,7111,40688,ios,20170127
354,2018-01-19 00:18:11 UTC,2018-01-19 00:18:11 UTC,DE,4.374,168534,10149,4988,9534,30890,112973,android,20170127
355,2018-01-19 00:18:11 UTC,2018-01-19 00:18:11 UTC,DE,4.374,168534,10149,4988,9534,30890,112973,android,20170128
356,2018-01-19 00:18:11 UTC,2018-01-19 00:18:11 UTC,DE,4.554,53201,2479,937,1930,7118,40737,ios,20170128
357,2018-01-19 00:18:11 UTC,2018-01-19 00:18:11 UTC,DE,4.555,53250,2480,937,1931,7125,40777,ios,20170129
358,2018-01-19 00:18:11 UTC,2018-01-19 00:18:11 UTC,DE,4.374,168534,10149,4988,9534,30890,112973,android,20170129
359,2018-01-19 00:18:11 UTC,2018-01-19 00:18:11 UTC,DE,4.374,168534,10149,4988,9534,30890,112973,android,20170130
360,2018-01-19 00:18:11 UTC,2018-01-19 00:18:11 UTC,DE,4.555,53299,2483,937,1933,7131,40815,ios,20170130
361,2018-01-19 00:18:11 UTC,2018-01-19 00:18:11 UTC,DE,4.555,53364,2484,937,1938,7144,40861,ios,20170131
362,2018-01-19 00:18:11 UTC,2018-01-19 00:18:11 UTC,DE,4.374,168534,10149,4988,9534,30890,112973,android,20170131
363,2018-01-19 00:18:11 UTC,2018-01-19 00:18:11 UTC,DE,4.374,168534,10149,4988,9534,30890,112973,android,20170201
364,2018-01-19 00:18:11 UTC,2018-01-19 00:18:11 UTC,DE,4.555,53443,2486,939,1941,7144,40933,ios,20170201
365,2018-01-19 00:18:11 UTC,2018-01-19 00:18:11 UTC,DE,4.555,53490,2489,937,1942,7150,40972,ios,20170202
366,2018-01-19 00:18:11 UTC,2018-01-19 00:18:11 UTC,DE,4.374,168534,10149,4988,9534,30890,112973,android,20170202
367,2018-01-19 00:18:11 UTC,2018-01-19 00:18:11 UTC,DE,4.375,169586,10193,5011,9583,31104,113695,android,20170203
368,2018-01-19 00:18:11 UTC,2018-01-19 00:18:11 UTC,DE,4.555,53558,2490,940,1936,7169,41023,ios,20170203
369,2018-01-19 00:18:11 UTC,2018-01-19 00:18:11 UTC,DE,4.375,169586,10193,5011,9583,31104,113695,android,20170204
370,2018-01-19 00:18:11 UTC,2018-01-19 00:18:11 UTC,DE,4.555,53634,2494,938,1940,7183,41079,ios,20170204
371,2018-01-19 00:18:11 UTC,2018-01-19 00:18:11 UTC,DE,4.375,169586,10193,5011,9583,31104,113695,android,20170205
372,2018-01-19 00:18:11 UTC,2018-01-19 00:18:11 UTC,DE,4.555,53689,2494,939,1944,7190,41122,ios,20170205
373,2018-01-19 00:18:11 UTC,2018-01-19 00:18:11 UTC,DE,4.556,53754,2495,941,1944,7202,41172,ios,20170206
374,2018-01-19 00:18:11 UTC,2018-01-19 00:18:11 UTC,DE,4.375,169586,10193,5011,9583,31104,113695,android,20170206
375,2018-01-19 00:18:11 UTC,2018-01-19 00:18:11 UTC,DE,4.556,53818,2495,944,1944,7206,41229,ios,20170207
376,2018-01-19 00:18:11 UTC,2018-01-19 00:18:11 UTC,DE,4.375,169586,10193,5011,9583,31104,113695,android,20170207
377,2018-01-19 00:18:11 UTC,2018-01-19 00:18:11 UTC,DE,4.556,53917,2497,944,1950,7218,41308,ios,20170208
378,2018-01-19 00:18:11 UTC,2018-01-19 00:18:11 UTC,DE,4.375,169586,10193,5011,9583,31104,113695,android,20170208
379,2018-01-19 00:18:11 UTC,2018-01-19 00:18:11 UTC,DE,4.373,170583,10330,5036,9623,31280,114314,android,20170209
380,2018-01-19 00:18:11 UTC,2018-01-19 00:18:11 UTC,DE,4.556,53979,2497,945,1952,7231,41354,ios,20170209
381,2018-01-19 00:18:11 UTC,2018-01-19 00:18:11 UTC,DE,4.556,54048,2497,946,1955,7238,41412,ios,20170210
382,2018-01-19 00:18:11 UTC,2018-01-19 00:18:11 UTC,DE,4.373,170583,10330,5036,9623,31280,114314,android,20170210
383,2018-01-19 00:18:11 UTC,2018-01-19 00:18:11 UTC,DE,4.373,170583,10330,5036,9623,31280,114314,android,20170211
384,2018-01-19 00:18:11 UTC,2018-01-19 00:18:11 UTC,DE,4.557,54102,2499,945,1954,7246,41458,ios,20170211
385,2018-01-19 00:18:11 UTC,2018-01-19 00:18:11 UTC,DE,4.557,54147,2498,946,1956,7255,41492,ios,20170212
386,2018-01-19 00:18:11 UTC,2018-01-19 00:18:11 UTC,DE,4.373,170583,10330,5036,9623,31280,114314,android,20170212
387,2018-01-19 00:18:11 UTC,2018-01-19 00:18:11 UTC,DE,4.373,170583,10330,5036,9623,31280,114314,android,20170213
388,2018-01-19 00:18:11 UTC,2018-01-19 00:18:11 UTC,DE,4.557,54204,2497,944,1959,7261,41543,ios,20170213
389,2018-01-19 00:18:11 UTC,2018-01-19 00:18:11 UTC,DE,4.558,54252,2497,945,1957,7265,41588,ios,20170214
390,2018-01-19 00:18:11 UTC,2018-01-19 00:18:11 UTC,DE,4.373,170583,10330,5036,9623,31280,114314,android,20170214
391,2018-01-19 00:18:11 UTC,2018-01-19 00:18:11 UTC,DE,4.373,170583,10330,5036,9623,31280,114314,android,20170215
392,2018-01-19 00:18:11 UTC,2018-01-19 00:18:11 UTC,DE,4.558,54381,2498,947,1960,7284,41692,ios,20170215
393,2018-01-19 00:18:11 UTC,2018-01-19 00:18:11 UTC,DE,4.558,54399,2499,945,1962,7285,41708,ios,20170216
394,2018-01-19 00:18:11 UTC,2018-01-19 00:18:11 UTC,DE,4.372,171683,10432,5085,9666,31471,115029,android,20170216
395,2018-01-19 00:18:11 UTC,2018-01-19 00:18:11 UTC,DE,4.372,171683,10432,5085,9666,31471,115029,android,20170217
396,2018-01-19 00:18:11 UTC,2018-01-19 00:18:11 UTC,DE,4.558,54496,2500,948,1965,7295,41788,ios,20170217
397,2018-01-19 00:18:11 UTC,2018-01-19 00:18:11 UTC,DE,4.559,54532,2501,945,1966,7301,41819,ios,20170218
398,2018-01-19 00:18:11 UTC,2018-01-19 00:18:11 UTC,DE,4.372,171683,10432,5085,9666,31471,115029,android,20170218
399,2018-01-19 00:18:11 UTC,2018-01-19 00:18:11 UTC,DE,4.372,171683,10432,5085,9666,31471,115029,android,20170219
400,2018-01-19 00:18:11 UTC,2018-01-19 00:18:11 UTC,DE,4.559,54600,2501,948,1971,7305,41875,ios,20170219
401,2018-01-19 00:18:11 UTC,2018-01-19 00:18:11 UTC,DE,4.372,171683,10432,5085,9666,31471,115029,android,20170220
402,2018-01-19 00:18:11 UTC,2018-01-19 00:18:11 UTC,DE,4.559,54655,2503,947,1977,7316,41912,ios,20170220
403,2018-01-19 00:18:11 UTC,2018-01-19 00:18:11 UTC,DE,4.559,54740,2506,949,1984,7324,41977,ios,20170221
404,2018-01-19 00:18:11 UTC,2018-01-19 00:18:11 UTC,DE,4.372,171683,10432,5085,9666,31471,115029,android,20170221
405,2018-01-19 00:18:11 UTC,2018-01-19 00:18:11 UTC,DE,4.372,171683,10432,5085,9666,31471,115029,android,20170222
406,2018-01-19 00:18:11 UTC,2018-01-19 00:18:11 UTC,DE,4.558,54850,2511,951,1992,7342,42054,ios,20170222
407,2018-01-19 00:18:11 UTC,2018-01-19 00:18:11 UTC,DE,4.559,54907,2512,952,1992,7350,42101,ios,20170223
408,2018-01-19 00:18:11 UTC,2018-01-19 00:18:11 UTC,DE,4.373,172794,10494,5102,9714,31677,115807,android,20170223
409,2018-01-19 00:18:11 UTC,2018-01-19 00:18:11 UTC,DE,4.559,54970,2512,955,1996,7355,42152,ios,20170224
410,2018-01-19 00:18:11 UTC,2018-01-19 00:18:11 UTC,DE,4.373,172794,10494,5102,9714,31677,115807,android,20170224
411,2018-01-19 00:18:11 UTC,2018-01-19 00:18:11 UTC,DE,4.373,172794,10494,5102,9714,31677,115807,android,20170225
412,2018-01-19 00:18:11 UTC,2018-01-19 00:18:11 UTC,DE,4.559,55015,2511,956,1996,7366,42186,ios,20170225
413,2018-01-19 00:18:11 UTC,2018-01-19 00:18:11 UTC,DE,4.373,172794,10494,5102,9714,31677,115807,android,20170226
414,2018-01-19 00:18:11 UTC,2018-01-19 00:18:11 UTC,DE,4.559,55056,2510,958,1998,7366,42224,ios,20170226
415,2018-01-19 00:18:11 UTC,2018-01-19 00:18:11 UTC,DE,4.373,172794,10494,5102,9714,31677,115807,android,20170227
416,2018-01-19 00:18:11 UTC,2018-01-19 00:18:11 UTC,DE,4.559,55106,2511,958,2001,7375,42261,ios,20170227
417,2018-01-19 00:18:11 UTC,2018-01-19 00:18:11 UTC,DE,4.559,55172,2514,960,2001,7386,42311,ios,20170228
418,2018-01-19 00:18:11 UTC,2018-01-19 00:18:11 UTC,DE,4.373,172794,10494,5102,9714,31677,115807,android,20170228
419,2018-01-19 00:18:11 UTC,2018-01-19 00:18:11 UTC,DE,4.559,55252,2517,959,2004,7398,42374,ios,20170301
420,2018-01-19 00:18:11 UTC,2018-01-19 00:18:11 UTC,DE,4.373,172794,10494,5102,9714,31677,115807,android,20170301
421,2018-01-19 00:18:11 UTC,2018-01-19 00:18:11 UTC,DE,4.559,55314,2518,960,2009,7407,42420,ios,20170302
422,2018-01-19 00:18:11 UTC,2018-01-19 00:18:11 UTC,DE,4.373,172794,10494,5102,9714,31677,115807,android,20170302
423,2018-01-19 00:18:11 UTC,2018-01-19 00:18:11 UTC,DE,4.374,173862,10534,5123,9765,31888,116552,android,20170303
424,2018-01-19 00:18:11 UTC,2018-01-19 00:18:11 UTC,DE,4.559,55383,2520,959,2009,7422,42473,ios,20170303
425,2018-01-19 00:18:11 UTC,2018-01-19 00:18:11 UTC,DE,4.56,55429,2522,960,2012,7422,42513,ios,20170304
426,2018-01-19 00:18:11 UTC,2018-01-19 00:18:11 UTC,DE,4.374,173862,10534,5123,9765,31888,116552,android,20170304
427,2018-01-19 00:18:11 UTC,2018-01-19 00:18:11 UTC,DE,4.374,173862,10534,5123,9765,31888,116552,android,20170305
428,2018-01-19 00:18:11 UTC,2018-01-19 00:18:11 UTC,DE,4.56,55485,2522,958,2015,7429,42561,ios,20170305
429,2018-01-19 00:18:11 UTC,2018-01-19 00:18:11 UTC,DE,4.56,55545,2523,962,2016,7436,42608,ios,20170306
430,2018-01-19 00:18:11 UTC,2018-01-19 00:18:11 UTC,DE,4.374,173862,10534,5123,9765,31888,116552,android,20170306
431,2018-01-19 00:18:11 UTC,2018-01-19 00:18:11 UTC,DE,4.374,173862,10534,5123,9765,31888,116552,android,20170307
432,2018-01-19 00:18:11 UTC,2018-01-19 00:18:11 UTC,DE,4.56,55620,2524,963,2018,7445,42670,ios,20170307
433,2018-01-19 00:18:11 UTC,2018-01-19 00:18:11 UTC,DE,4.56,55712,2528,963,2022,7453,42746,ios,20170308
434,2018-01-19 00:18:11 UTC,2018-01-19 00:18:11 UTC,DE,4.374,173862,10534,5123,9765,31888,116552,android,20170308
435,2018-01-19 00:18:11 UTC,2018-01-19 00:18:11 UTC,DE,4.561,55779,2528,966,2021,7460,42804,ios,20170309
436,2018-01-19 00:18:11 UTC,2018-01-19 00:18:11 UTC,DE,4.374,173862,10534,5123,9765,31888,116552,android,20170309
437,2018-01-19 00:18:11 UTC,2018-01-19 00:18:11 UTC,DE,4.561,55825,2528,966,2024,7465,42842,ios,20170310
438,2018-01-19 00:18:11 UTC,2018-01-19 00:18:11 UTC,DE,4.374,174817,10577,5142,9799,32105,117194,android,20170310
439,2018-01-19 00:18:11 UTC,2018-01-19 00:18:11 UTC,DE,4.561,56023,2534,967,2028,7498,42996,ios,20170313
440,2018-01-19 00:18:11 UTC,2018-01-19 00:18:11 UTC,DE,4.374,174817,10577,5142,9799,32105,117194,android,20170313
441,2018-01-19 00:18:11 UTC,2018-01-19 00:18:11 UTC,DE,4.374,174817,10577,5142,9799,32105,117194,android,20170314
442,2018-01-19 00:18:11 UTC,2018-01-19 00:18:11 UTC,DE,4.561,56068,2536,967,2029,7502,43034,ios,20170314
443,2018-01-19 00:18:11 UTC,2018-01-19 00:18:11 UTC,DE,4.562,56226,2538,968,2030,7537,43153,ios,20170315
444,2018-01-19 00:18:11 UTC,2018-01-19 00:18:11 UTC,DE,4.374,174817,10577,5142,9799,32105,117194,android,20170315
445,2018-01-19 00:18:11 UTC,2018-01-19 00:18:11 UTC,DE,4.374,174817,10577,5142,9799,32105,117194,android,20170316
446,2018-01-19 00:18:11 UTC,2018-01-19 00:18:11 UTC,DE,4.561,56292,2543,968,2033,7549,43199,ios,20170316
447,2018-01-19 00:18:11 UTC,2018-01-19 00:18:11 UTC,DE,4.559,56625,2590,983,2049,7588,43415,ios,20170320
448,2018-01-19 00:18:11 UTC,2018-01-19 00:18:11 UTC,DE,4.375,175723,10616,5157,9824,32307,117819,android,20170320
449,2018-01-19 00:18:11 UTC,2018-01-19 00:18:11 UTC,DE,4.559,56718,2592,986,2049,7605,43486,ios,20170321
450,2018-01-19 00:18:11 UTC,2018-01-19 00:18:11 UTC,DE,4.375,175723,10616,5157,9824,32307,117819,android,20170321
451,2018-01-19 00:18:11 UTC,2018-01-19 00:18:11 UTC,DE,4.559,56780,2592,987,2052,7611,43538,ios,20170322
452,2018-01-19 00:18:11 UTC,2018-01-19 00:18:11 UTC,DE,4.375,175723,10616,5157,9824,32307,117819,android,20170322
453,2018-01-19 00:18:11 UTC,2018-01-19 00:18:11 UTC,DE,4.559,56846,2593,987,2053,7616,43597,ios,20170323
454,2018-01-19 00:18:11 UTC,2018-01-19 00:18:11 UTC,DE,4.376,176774,10645,5174,9860,32495,118600,android,20170323
455,2018-01-19 00:18:11 UTC,2018-01-19 00:18:11 UTC,DE,4.559,56904,2596,986,2056,7626,43640,ios,20170324
456,2018-01-19 00:18:11 UTC,2018-01-19 00:18:11 UTC,DE,4.376,176774,10645,5174,9860,32495,118600,android,20170324
457,2018-01-19 00:18:11 UTC,2018-01-19 00:18:11 UTC,DE,4.376,176774,10645,5174,9860,32495,118600,android,20170325
458,2018-01-19 00:18:11 UTC,2018-01-19 00:18:11 UTC,DE,4.559,56969,2599,989,2059,7632,43690,ios,20170325
459,2018-01-19 00:18:11 UTC,2018-01-19 00:18:11 UTC,DE,4.376,176774,10645,5174,9860,32495,118600,android,20170326
460,2018-01-19 00:18:11 UTC,2018-01-19 00:18:11 UTC,DE,4.56,57037,2598,990,2058,7637,43754,ios,20170326
461,2018-01-19 00:18:11 UTC,2018-01-19 00:18:11 UTC,DE,4.376,176774,10645,5174,9860,32495,118600,android,20170327
462,2018-01-19 00:18:11 UTC,2018-01-19 00:18:11 UTC,DE,4.56,57105,2601,992,2061,7643,43808,ios,20170327
463,2018-01-19 00:18:11 UTC,2018-01-19 00:18:11 UTC,DE,4.56,57215,2604,991,2061,7655,43904,ios,20170328
464,2018-01-19 00:18:11 UTC,2018-01-19 00:18:11 UTC,DE,4.376,176774,10645,5174,9860,32495,118600,android,20170328
465,2018-01-19 00:18:11 UTC,2018-01-19 00:18:11 UTC,DE,4.56,57279,2605,993,2060,7666,43955,ios,20170329
466,2018-01-19 00:18:11 UTC,2018-01-19 00:18:11 UTC,DE,4.376,176774,10645,5174,9860,32495,118600,android,20170329
467,2018-01-19 00:18:11 UTC,2018-01-19 00:18:11 UTC,DE,4.56,57344,2608,994,2065,7681,43996,ios,20170330
468,2018-01-19 00:18:11 UTC,2018-01-19 00:18:11 UTC,DE,4.377,177723,10672,5187,9899,32689,119276,android,20170330
469,2018-01-19 00:18:11 UTC,2018-01-19 00:18:11 UTC,DE,4.56,57398,2610,993,2064,7688,44043,ios,20170331
470,2018-01-19 00:18:11 UTC,2018-01-19 00:18:11 UTC,DE,4.377,177723,10672,5187,9899,32689,119276,android,20170331
471,2018-01-19 00:18:11 UTC,2018-01-19 00:18:11 UTC,DE,4.561,57455,2611,992,2066,7696,44090,ios,20170401
472,2018-01-19 00:18:11 UTC,2018-01-19 00:18:11 UTC,DE,4.377,177723,10672,5187,9899,32689,119276,android,20170401
473,2018-01-19 00:18:11 UTC,2018-01-19 00:18:11 UTC,DE,4.377,177723,10672,5187,9899,32689,119276,android,20170402
474,2018-01-19 00:18:11 UTC,2018-01-19 00:18:11 UTC,DE,4.561,57504,2612,993,2065,7702,44132,ios,20170402
475,2018-01-19 00:18:11 UTC,2018-01-19 00:18:11 UTC,DE,4.561,57592,2613,994,2065,7707,44213,ios,20170403
476,2018-01-19 00:18:11 UTC,2018-01-19 00:18:11 UTC,DE,4.377,177723,10672,5187,9899,32689,119276,android,20170403
477,2018-01-19 00:18:11 UTC,2018-01-19 00:18:11 UTC,DE,4.377,177723,10672,5187,9899,32689,119276,android,20170404
478,2018-01-19 00:18:11 UTC,2018-01-19 00:18:11 UTC,DE,4.561,57677,2614,994,2067,7728,44274,ios,20170404
479,2018-01-19 00:18:11 UTC,2018-01-19 00:18:11 UTC,DE,4.562,57746,2615,996,2068,7737,44330,ios,20170405
480,2018-01-19 00:18:11 UTC,2018-01-19 00:18:11 UTC,DE,4.377,177723,10672,5187,9899,32689,119276,android,20170405
481,2018-01-19 00:18:11 UTC,2018-01-19 00:18:11 UTC,DE,4.378,178712,10704,5196,9925,32850,120037,android,20170406
482,2018-01-19 00:18:11 UTC,2018-01-19 00:18:11 UTC,DE,4.562,57801,2616,996,2068,7747,44374,ios,20170406
483,2018-01-19 00:18:11 UTC,2018-01-19 00:18:11 UTC,DE,4.378,178712,10704,5196,9925,32850,120037,android,20170407
484,2018-01-19 00:18:11 UTC,2018-01-19 00:18:11 UTC,DE,4.562,57851,2618,996,2070,7753,44414,ios,20170407
485,2018-01-19 00:18:11 UTC,2018-01-19 00:18:11 UTC,DE,4.562,57891,2618,996,2071,7761,44445,ios,20170408
486,2018-01-19 00:18:11 UTC,2018-01-19 00:18:11 UTC,DE,4.378,178712,10704,5196,9925,32850,120037,android,20170408
487,2018-01-19 00:18:11 UTC,2018-01-19 00:18:11 UTC,DE,4.562,57947,2621,995,2073,7769,44489,ios,20170409
488,2018-01-19 00:18:11 UTC,2018-01-19 00:18:11 UTC,DE,4.378,178712,10704,5196,9925,32850,120037,android,20170409
489,2018-01-19 00:18:11 UTC,2018-01-19 00:18:11 UTC,DE,4.378,178712,10704,5196,9925,32850,120037,android,20170411
490,2018-01-19 00:18:11 UTC,2018-01-19 00:18:11 UTC,DE,4.562,58077,2623,996,2074,7793,44591,ios,20170411
491,2018-01-19 00:18:11 UTC,2018-01-19 00:18:11 UTC,DE,4.562,58077,2623,996,2074,7793,44591,ios,20170412
492,2018-01-19 00:18:11 UTC,2018-01-19 00:18:11 UTC,DE,4.378,178712,10704,5196,9925,32850,120037,android,20170412
493,2018-01-19 00:18:11 UTC,2018-01-19 00:18:11 UTC,DE,4.38,179752,10729,5214,9958,33056,120795,android,20170418
494,2018-01-19 00:18:11 UTC,2018-01-19 00:18:11 UTC,DE,4.563,58438,2631,996,2082,7841,44888,ios,20170418
495,2018-01-19 00:18:11 UTC,2018-01-19 00:18:11 UTC,DE,4.38,179752,10729,5214,9958,33056,120795,android,20170419
496,2018-01-19 00:18:11 UTC,2018-01-19 00:18:11 UTC,DE,4.563,58511,2634,997,2084,7849,44947,ios,20170419
497,2018-01-19 00:18:11 UTC,2018-01-19 00:18:11 UTC,DE,4.563,58586,2640,1004,2084,7863,44995,ios,20170420
498,2018-01-19 00:18:11 UTC,2018-01-19 00:18:11 UTC,DE,4.38,179752,10729,5214,9958,33056,120795,android,20170420
499,2018-01-19 00:18:11 UTC,2018-01-19 00:18:11 UTC,DE,4.381,180769,10760,5226,9977,33237,121569,android,20170421
500,2018-01-19 00:18:11 UTC,2018-01-19 00:18:11 UTC,DE,4.563,58663,2644,1003,2088,7876,45052,ios,20170421
501,2018-01-19 00:18:11 UTC,2018-01-19 00:18:11 UTC,DE,4.381,180769,10760,5226,9977,33237,121569,android,20170422
502,2018-01-19 00:18:11 UTC,2018-01-19 00:18:11 UTC,DE,4.563,58707,2644,1004,2085,7886,45088,ios,20170422
503,2018-01-19 00:18:11 UTC,2018-01-19 00:18:11 UTC,DE,4.563,58776,2643,1005,2091,7891,45146,ios,20170423
504,2018-01-19 00:18:11 UTC,2018-01-19 00:18:11 UTC,DE,4.381,180769,10760,5226,9977,33237,121569,android,20170423
505,2018-01-19 00:18:11 UTC,2018-01-19 00:18:11 UTC,DE,4.564,58922,2644,1005,2096,7904,45273,ios,20170424
506,2018-01-19 00:18:11 UTC,2018-01-19 00:18:11 UTC,DE,4.381,180769,10760,5226,9977,33237,121569,android,20170424
507,2018-01-19 00:18:11 UTC,2018-01-19 00:18:11 UTC,DE,4.564,58997,2646,1006,2097,7912,45336,ios,20170425
508,2018-01-19 00:18:11 UTC,2018-01-19 00:18:11 UTC,DE,4.381,180769,10760,5226,9977,33237,121569,android,20170425
509,2018-01-19 00:18:11 UTC,2018-01-19 00:18:11 UTC,DE,4.381,180769,10760,5226,9977,33237,121569,android,20170426
510,2018-01-19 00:18:11 UTC,2018-01-19 00:18:11 UTC,DE,4.564,59037,2644,1008,2098,7917,45370,ios,20170426
511,2018-01-19 00:18:11 UTC,2018-01-19 00:18:11 UTC,DE,4.381,180769,10760,5226,9977,33237,121569,android,20170427
512,2018-01-19 00:18:11 UTC,2018-01-19 00:18:11 UTC,DE,4.563,59092,2661,1011,2105,7916,45399,ios,20170427
513,2018-01-19 00:18:11 UTC,2018-01-19 00:18:11 UTC,DE,4.38,182055,10909,5274,10024,33438,122410,android,20170428
514,2018-01-19 00:18:11 UTC,2018-01-19 00:18:11 UTC,DE,4.563,59141,2661,1011,2106,7928,45435,ios,20170428
515,2018-01-19 00:18:11 UTC,2018-01-19 00:18:11 UTC,DE,4.38,182055,10909,5274,10024,33438,122410,android,20170429
516,2018-01-19 00:18:11 UTC,2018-01-19 00:18:11 UTC,DE,4.564,59181,2660,1013,2107,7938,45463,ios,20170429
517,2018-01-19 00:18:11 UTC,2018-01-19 00:18:11 UTC,DE,4.38,182055,10909,5274,10024,33438,122410,android,20170430
518,2018-01-19 00:18:11 UTC,2018-01-19 00:18:11 UTC,DE,4.564,59226,2662,1010,2109,7940,45505,ios,20170430
519,2018-01-19 00:18:11 UTC,2018-01-19 00:18:11 UTC,DE,4.38,182055,10909,5274,10024,33438,122410,android,20170501
520,2018-01-19 00:18:11 UTC,2018-01-19 00:18:11 UTC,DE,4.564,59288,2665,1012,2109,7946,45556,ios,20170501
521,2018-01-19 00:18:11 UTC,2018-01-19 00:18:11 UTC,DE,4.564,59333,2664,1013,2111,7952,45593,ios,20170502
522,2018-01-19 00:18:11 UTC,2018-01-19 00:18:11 UTC,DE,4.38,182055,10909,5274,10024,33438,122410,android,20170502
523,2018-01-19 00:18:11 UTC,2018-01-19 00:18:11 UTC,DE,4.38,182055,10909,5274,10024,33438,122410,android,20170503
524,2018-01-19 00:18:11 UTC,2018-01-19 00:18:11 UTC,DE,4.564,59404,2667,1015,2111,7952,45659,ios,20170503
525,2018-01-19 00:18:11 UTC,2018-01-19 00:18:11 UTC,DE,4.378,183121,11026,5347,10083,33577,123088,android,20170504
526,2018-01-19 00:18:11 UTC,2018-01-19 00:18:11 UTC,DE,4.562,59509,2699,1026,2119,7967,45698,ios,20170504
527,2018-01-19 00:18:11 UTC,2018-01-19 00:18:11 UTC,DE,4.378,183121,11026,5347,10083,33577,123088,android,20170505
528,2018-01-19 00:18:11 UTC,2018-01-19 00:18:11 UTC,DE,4.558,59646,2742,1050,2132,7985,45737,ios,20170505
529,2018-01-19 00:18:11 UTC,2018-01-19 00:18:11 UTC,DE,4.378,183121,11026,5347,10083,33577,123088,android,20170506
530,2018-01-19 00:18:11 UTC,2018-01-19 00:18:11 UTC,DE,4.558,59707,2748,1053,2133,7989,45784,ios,20170506
531,2018-01-19 00:18:11 UTC,2018-01-19 00:18:11 UTC,DE,4.378,183121,11026,5347,10083,33577,123088,android,20170507
532,2018-01-19 00:18:11 UTC,2018-01-19 00:18:11 UTC,DE,4.558,59769,2741,1051,2135,8004,45838,ios,20170507
533,2018-01-19 00:18:11 UTC,2018-01-19 00:18:11 UTC,DE,4.378,183121,11026,5347,10083,33577,123088,android,20170508
534,2018-01-19 00:18:11 UTC,2018-01-19 00:18:11 UTC,DE,4.559,59833,2743,1050,2134,8010,45896,ios,20170508
535,2018-01-19 00:18:11 UTC,2018-01-19 00:18:11 UTC,DE,4.378,183121,11026,5347,10083,33577,123088,android,20170509
536,2018-01-19 00:18:11 UTC,2018-01-19 00:18:11 UTC,DE,4.559,59901,2743,1050,2136,8015,45957,ios,20170509
537,2018-01-19 00:18:11 UTC,2018-01-19 00:18:11 UTC,DE,4.378,183121,11026,5347,10083,33577,123088,android,20170510
538,2018-01-19 00:18:11 UTC,2018-01-19 00:18:11 UTC,DE,4.559,59944,2746,1050,2138,8025,45985,ios,20170510
539,2018-01-19 00:18:11 UTC,2018-01-19 00:18:11 UTC,DE,4.559,59983,2748,1051,2143,8029,46012,ios,20170511
540,2018-01-19 00:18:11 UTC,2018-01-19 00:18:11 UTC,DE,4.378,183121,11026,5347,10083,33577,123088,android,20170511
541,2018-01-19 00:18:11 UTC,2018-01-19 00:18:11 UTC,DE,4.373,184670,11287,5495,10214,33817,123857,android,20170512
542,2018-01-19 00:18:11 UTC,2018-01-19 00:18:11 UTC,DE,4.559,59992,2749,1051,2150,8026,46016,ios,20170512
543,2018-01-19 00:18:11 UTC,2018-01-19 00:18:11 UTC,DE,4.373,184670,11287,5495,10214,33817,123857,android,20170513
544,2018-01-19 00:18:11 UTC,2018-01-19 00:18:11 UTC,DE,4.559,60075,2754,1053,2151,8044,46073,ios,20170513
545,2018-01-19 00:18:11 UTC,2018-01-19 00:18:11 UTC,DE,4.373,184670,11287,5495,10214,33817,123857,android,20170514
546,2018-01-19 00:18:11 UTC,2018-01-19 00:18:11 UTC,DE,4.559,60114,2753,1053,2151,8043,46114,ios,20170514
547,2018-01-19 00:18:11 UTC,2018-01-19 00:18:11 UTC,DE,4.373,184670,11287,5495,10214,33817,123857,android,20170515
548,2018-01-19 00:18:11 UTC,2018-01-19 00:18:11 UTC,DE,4.559,60182,2753,1055,2155,8049,46170,ios,20170515
549,2018-01-19 00:18:11 UTC,2018-01-19 00:18:11 UTC,DE,4.559,60230,2754,1054,2158,8050,46214,ios,20170516
550,2018-01-19 00:18:11 UTC,2018-01-19 00:18:11 UTC,DE,4.373,184670,11287,5495,10214,33817,123857,android,20170516
551,2018-01-19 00:18:11 UTC,2018-01-19 00:18:11 UTC,DE,4.373,184670,11287,5495,10214,33817,123857,android,20170517
552,2018-01-19 00:18:11 UTC,2018-01-19 00:18:11 UTC,DE,4.559,60288,2755,1057,2160,8053,46263,ios,20170517
553,2018-01-19 00:18:11 UTC,2018-01-19 00:18:11 UTC,DE,4.373,185551,11318,5510,10264,33996,124463,android,20170518
554,2018-01-19 00:18:11 UTC,2018-01-19 00:18:11 UTC,DE,4.559,60318,2757,1056,2160,8059,46286,ios,20170518
555,2018-01-19 00:18:11 UTC,2018-01-19 00:18:11 UTC,DE,4.373,185551,11318,5510,10264,33996,124463,android,20170519
556,2018-01-19 00:18:11 UTC,2018-01-19 00:18:11 UTC,DE,4.559,60318,2757,1056,2160,8059,46286,ios,20170519
557,2018-01-19 00:18:11 UTC,2018-01-19 00:18:11 UTC,DE,4.373,185551,11318,5510,10264,33996,124463,android,20170520
558,2018-01-19 00:18:11 UTC,2018-01-19 00:18:11 UTC,DE,4.559,60363,2760,1058,2160,8064,46321,ios,20170520
559,2018-01-19 00:18:11 UTC,2018-01-19 00:18:11 UTC,DE,4.373,185551,11318,5510,10264,33996,124463,android,20170521
560,2018-01-19 00:18:11 UTC,2018-01-19 00:18:11 UTC,DE,4.56,60402,2759,1060,2161,8067,46355,ios,20170521
561,2018-01-19 00:18:11 UTC,2018-01-19 00:18:11 UTC,DE,4.56,60479,2764,1060,2158,8078,46419,ios,20170522
562,2018-01-19 00:18:11 UTC,2018-01-19 00:18:11 UTC,DE,4.373,185551,11318,5510,10264,33996,124463,android,20170522
563,2018-01-19 00:18:11 UTC,2018-01-19 00:18:11 UTC,DE,4.373,185551,11318,5510,10264,33996,124463,android,20170523
564,2018-01-19 00:18:11 UTC,2018-01-19 00:18:11 UTC,DE,4.56,60479,2764,1060,2158,8078,46419,ios,20170523
565,2018-01-19 00:18:11 UTC,2018-01-19 00:18:11 UTC,DE,4.373,185551,11318,5510,10264,33996,124463,android,20170524
566,2018-01-19 00:18:11 UTC,2018-01-19 00:18:11 UTC,DE,4.56,60565,2767,1062,2160,8097,46479,ios,20170524
567,2018-01-19 00:18:11 UTC,2018-01-19 00:18:11 UTC,DE,4.373,185551,11318,5510,10264,33996,124463,android,20170525
568,2018-01-19 00:18:11 UTC,2018-01-19 00:18:11 UTC,DE,4.56,60611,2766,1063,2160,8104,46518,ios,20170525
569,2018-01-19 00:18:11 UTC,2018-01-19 00:18:11 UTC,DE,4.56,60660,2766,1062,2164,8108,46560,ios,20170526
570,2018-01-19 00:18:11 UTC,2018-01-19 00:18:11 UTC,DE,4.373,186322,11368,5528,10302,34159,124965,android,20170526
571,2018-01-19 00:18:11 UTC,2018-01-19 00:18:11 UTC,DE,4.56,60818,2772,1061,2174,8136,46675,ios,20170529
572,2018-01-19 00:18:11 UTC,2018-01-19 00:18:11 UTC,DE,4.373,186322,11368,5528,10302,34159,124965,android,20170529
573,2018-01-19 00:18:11 UTC,2018-01-19 00:18:11 UTC,DE,4.56,60871,2774,1061,2174,8144,46718,ios,20170530
574,2018-01-19 00:18:11 UTC,2018-01-19 00:18:11 UTC,DE,4.373,186322,11368,5528,10302,34159,124965,android,20170530
575,2018-01-19 00:18:11 UTC,2018-01-19 00:18:11 UTC,DE,4.373,186322,11368,5528,10302,34159,124965,android,20170531
576,2018-01-19 00:18:11 UTC,2018-01-19 00:18:11 UTC,DE,4.56,60979,2776,1064,2176,8162,46801,ios,20170531
577,2018-01-19 00:18:11 UTC,2018-01-19 00:18:11 UTC,DE,4.56,61026,2779,1066,2178,8174,46829,ios,20170601
578,2018-01-19 00:18:11 UTC,2018-01-19 00:18:11 UTC,DE,4.374,187052,11394,5532,10338,34326,125462,android,20170601
579,2018-01-19 00:18:11 UTC,2018-01-19 00:18:11 UTC,DE,4.374,187052,11394,5532,10338,34326,125462,android,20170602
580,2018-01-19 00:18:11 UTC,2018-01-19 00:18:11 UTC,DE,4.56,61026,2779,1066,2178,8174,46829,ios,20170602
581,2018-01-19 00:18:11 UTC,2018-01-19 00:18:11 UTC,DE,4.374,187052,11394,5532,10338,34326,125462,android,20170603
582,2018-01-19 00:18:11 UTC,2018-01-19 00:18:11 UTC,DE,4.56,61078,2779,1066,2181,8176,46876,ios,20170603
583,2018-01-19 00:18:11 UTC,2018-01-19 00:18:11 UTC,DE,4.374,187052,11394,5532,10338,34326,125462,android,20170604
584,2018-01-19 00:18:11 UTC,2018-01-19 00:18:11 UTC,DE,4.56,61127,2781,1067,2180,8181,46918,ios,20170604
585,2018-01-19 00:18:11 UTC,2018-01-19 00:18:11 UTC,DE,4.374,187052,11394,5532,10338,34326,125462,android,20170605
586,2018-01-19 00:18:11 UTC,2018-01-19 00:18:11 UTC,DE,4.56,61171,2784,1067,2178,8194,46948,ios,20170605
587,2018-01-19 00:18:11 UTC,2018-01-19 00:18:11 UTC,DE,4.561,61264,2785,1068,2181,8212,47018,ios,20170606
588,2018-01-19 00:18:11 UTC,2018-01-19 00:18:11 UTC,DE,4.374,187052,11394,5532,10338,34326,125462,android,20170606
589,2018-01-19 00:18:11 UTC,2018-01-19 00:18:11 UTC,DE,4.374,187052,11394,5532,10338,34326,125462,android,20170607
590,2018-01-19 00:18:11 UTC,2018-01-19 00:18:11 UTC,DE,4.561,61355,2785,1068,2184,8232,47086,ios,20170607
591,2018-01-19 00:18:11 UTC,2018-01-19 00:18:11 UTC,DE,4.561,61355,2785,1068,2184,8232,47086,ios,20170608
592,2018-01-19 00:18:11 UTC,2018-01-19 00:18:11 UTC,DE,4.374,187052,11394,5532,10338,34326,125462,android,20170608
593,2018-01-19 00:18:11 UTC,2018-01-19 00:18:11 UTC,DE,4.378,187754,11255,5535,10354,34531,126079,android,20170609
594,2018-01-19 00:18:11 UTC,2018-01-19 00:18:11 UTC,DE,4.561,61467,2788,1071,2183,8244,47181,ios,20170609
595,2018-01-19 00:18:11 UTC,2018-01-19 00:18:11 UTC,DE,4.378,187754,11255,5535,10354,34531,126079,android,20170610
596,2018-01-19 00:18:11 UTC,2018-01-19 00:18:11 UTC,DE,4.561,61520,2789,1075,2186,8250,47220,ios,20170610
597,2018-01-19 00:18:11 UTC,2018-01-19 00:18:11 UTC,DE,4.378,187754,11255,5535,10354,34531,126079,android,20170611
598,2018-01-19 00:18:11 UTC,2018-01-19 00:18:11 UTC,DE,4.561,61520,2789,1075,2186,8250,47220,ios,20170611
599,2018-01-19 00:18:11 UTC,2018-01-19 00:18:11 UTC,DE,4.561,61606,2789,1075,2192,8261,47289,ios,20170612
600,2018-01-19 00:18:11 UTC,2018-01-19 00:18:11 UTC,DE,4.378,187754,11255,5535,10354,34531,126079,android,20170612
601,2018-01-19 00:18:11 UTC,2018-01-19 00:18:11 UTC,DE,4.378,187754,11255,5535,10354,34531,126079,android,20170613
602,2018-01-19 00:18:11 UTC,2018-01-19 00:18:11 UTC,DE,4.561,61606,2789,1075,2192,8261,47289,ios,20170613
603,2018-01-19 00:18:11 UTC,2018-01-19 00:18:11 UTC,DE,4.378,187754,11255,5535,10354,34531,126079,android,20170614
604,2018-01-19 00:18:11 UTC,2018-01-19 00:18:11 UTC,DE,4.562,61749,2790,1077,2196,8282,47404,ios,20170614
605,2018-01-19 00:18:11 UTC,2018-01-19 00:18:11 UTC,DE,4.378,187754,11255,5535,10354,34531,126079,android,20170615
606,2018-01-19 00:18:11 UTC,2018-01-19 00:18:11 UTC,DE,4.562,61749,2790,1077,2196,8282,47404,ios,20170615
607,2018-01-19 00:18:11 UTC,2018-01-19 00:18:11 UTC,DE,4.379,188731,11287,5535,10391,34729,126789,android,20170616
608,2018-01-19 00:18:11 UTC,2018-01-19 00:18:11 UTC,DE,4.562,61788,2790,1076,2195,8291,47436,ios,20170616
609,2018-01-19 00:18:11 UTC,2018-01-19 00:18:11 UTC,DE,4.379,188731,11287,5535,10391,34729,126789,android,20170617
610,2018-01-19 00:18:11 UTC,2018-01-19 00:18:11 UTC,DE,4.562,61868,2789,1078,2196,8300,47505,ios,20170617
611,2018-01-19 00:18:11 UTC,2018-01-19 00:18:11 UTC,DE,4.379,188731,11287,5535,10391,34729,126789,android,20170618
612,2018-01-19 00:18:11 UTC,2018-01-19 00:18:11 UTC,DE,4.562,61918,2790,1080,2199,8304,47545,ios,20170618
613,2018-01-19 00:18:11 UTC,2018-01-19 00:18:11 UTC,DE,4.379,188731,11287,5535,10391,34729,126789,android,20170619
614,2018-01-19 00:18:11 UTC,2018-01-19 00:18:11 UTC,DE,4.562,61972,2793,1081,2200,8306,47592,ios,20170619
615,2018-01-19 00:18:11 UTC,2018-01-19 00:18:11 UTC,DE,4.379,188731,11287,5535,10391,34729,126789,android,20170620
616,2018-01-19 00:18:11 UTC,2018-01-19 00:18:11 UTC,DE,4.563,62027,2793,1082,2201,8314,47637,ios,20170620
617,2018-01-19 00:18:11 UTC,2018-01-19 00:18:11 UTC,DE,4.379,188731,11287,5535,10391,34729,126789,android,20170621
618,2018-01-19 00:18:11 UTC,2018-01-19 00:18:11 UTC,DE,4.563,62085,2796,1083,2203,8321,47682,ios,20170621
619,2018-01-19 00:18:11 UTC,2018-01-19 00:18:11 UTC,DE,4.379,188731,11287,5535,10391,34729,126789,android,20170622
620,2018-01-19 00:18:11 UTC,2018-01-19 00:18:11 UTC,DE,4.563,62085,2796,1083,2203,8321,47682,ios,20170622
621,2018-01-19 00:18:11 UTC,2018-01-19 00:18:11 UTC,DE,4.38,189579,11313,5549,10419,34888,127410,android,20170627
622,2018-01-19 00:18:11 UTC,2018-01-19 00:18:11 UTC,DE,4.563,62394,2798,1087,2210,8375,47924,ios,20170627
623,2018-01-19 00:18:11 UTC,2018-01-19 00:18:11 UTC,DE,4.38,189579,11313,5549,10419,34888,127410,android,20170628
624,2018-01-19 00:18:11 UTC,2018-01-19 00:18:11 UTC,DE,4.563,62394,2798,1087,2210,8375,47924,ios,20170628
625,2018-01-19 00:18:11 UTC,2018-01-19 00:18:11 UTC,DE,4.38,189579,11313,5549,10419,34888,127410,android,20170629
626,2018-01-19 00:18:11 UTC,2018-01-19 00:18:11 UTC,DE,4.563,62427,2800,1087,2211,8379,47950,ios,20170629
627,2018-01-19 00:18:11 UTC,2018-01-19 00:18:11 UTC,DE,4.38,190434,11357,5564,10439,35063,128011,android,20170630
628,2018-01-19 00:18:11 UTC,2018-01-19 00:18:11 UTC,DE,4.563,62497,2805,1088,2213,8387,48004,ios,20170630
629,2018-01-19 00:18:11 UTC,2018-01-19 00:18:11 UTC,DE,4.38,190434,11357,5564,10439,35063,128011,android,20170704
630,2018-01-19 00:18:11 UTC,2018-01-19 00:18:11 UTC,DE,4.563,62757,2811,1101,2222,8416,48207,ios,20170704
631,2018-01-19 00:18:11 UTC,2018-01-19 00:18:11 UTC,DE,4.38,190434,11357,5564,10439,35063,128011,android,20170705
632,2018-01-19 00:18:11 UTC,2018-01-19 00:18:11 UTC,DE,4.563,62794,2813,1100,2224,8422,48235,ios,20170705
633,2018-01-19 00:18:11 UTC,2018-01-19 00:18:11 UTC,DE,4.38,190434,11357,5564,10439,35063,128011,android,20170706
634,2018-01-19 00:18:11 UTC,2018-01-19 00:18:11 UTC,DE,4.563,62834,2813,1101,2224,8429,48267,ios,20170706
635,2018-01-19 00:18:11 UTC,2018-01-19 00:18:11 UTC,DE,4.38,191361,11402,5588,10487,35219,128665,android,20170707
636,2018-01-19 00:18:11 UTC,2018-01-19 00:18:11 UTC,DE,4.564,62869,2812,1100,2225,8438,48294,ios,20170707
637,2018-01-19 00:18:11 UTC,2018-01-19 00:18:11 UTC,DE,4.38,191361,11402,5588,10487,35219,128665,android,20170708
638,2018-01-19 00:18:11 UTC,2018-01-19 00:18:11 UTC,DE,4.564,62931,2813,1103,2224,8443,48348,ios,20170708
639,2018-01-19 00:18:11 UTC,2018-01-19 00:18:11 UTC,DE,4.38,191361,11402,5588,10487,35219,128665,android,20170709
640,2018-01-19 00:18:11 UTC,2018-01-19 00:18:11 UTC,DE,4.564,62946,2814,1100,2230,8444,48358,ios,20170709
641,2018-01-19 00:18:11 UTC,2018-01-19 00:18:11 UTC,DE,4.38,191361,11402,5588,10487,35219,128665,android,20170710
642,2018-01-19 00:18:11 UTC,2018-01-19 00:18:11 UTC,DE,4.564,62998,2815,1100,2233,8448,48402,ios,20170710
643,2018-01-19 00:18:11 UTC,2018-01-19 00:18:11 UTC,DE,4.38,191361,11402,5588,10487,35219,128665,android,20170711
644,2018-01-19 00:18:11 UTC,2018-01-19 00:18:11 UTC,DE,4.564,63075,2814,1101,2236,8468,48456,ios,20170711
645,2018-01-19 00:18:11 UTC,2018-01-19 00:18:11 UTC,DE,4.564,63123,2816,1103,2233,8473,48498,ios,20170712
646,2018-01-19 00:18:11 UTC,2018-01-19 00:18:11 UTC,DE,4.38,191361,11402,5588,10487,35219,128665,android,20170712
647,2018-01-19 00:18:11 UTC,2018-01-19 00:18:11 UTC,DE,4.38,191361,11402,5588,10487,35219,128665,android,20170713
648,2018-01-19 00:18:11 UTC,2018-01-19 00:18:11 UTC,DE,4.564,63203,2818,1103,2236,8481,48565,ios,20170713
649,2018-01-19 00:18:11 UTC,2018-01-19 00:18:11 UTC,DE,4.381,192370,11462,5611,10533,35426,129338,android,20170714
650,2018-01-19 00:18:11 UTC,2018-01-19 00:18:11 UTC,DE,4.564,63247,2820,1104,2238,8486,48599,ios,20170714
651,2018-01-19 00:18:11 UTC,2018-01-19 00:18:11 UTC,DE,4.381,192370,11462,5611,10533,35426,129338,android,20170715
652,2018-01-19 00:18:11 UTC,2018-01-19 00:18:11 UTC,DE,4.565,63277,2819,1103,2239,8490,48626,ios,20170715
653,2018-01-19 00:18:11 UTC,2018-01-19 00:18:11 UTC,DE,4.564,63326,2820,1105,2241,8503,48657,ios,20170716
654,2018-01-19 00:18:11 UTC,2018-01-19 00:18:11 UTC,DE,4.381,192370,11462,5611,10533,35426,129338,android,20170716
655,2018-01-19 00:18:11 UTC,2018-01-19 00:18:11 UTC,DE,4.381,192370,11462,5611,10533,35426,129338,android,20170717
656,2018-01-19 00:18:11 UTC,2018-01-19 00:18:11 UTC,DE,4.565,63378,2821,1102,2243,8517,48695,ios,20170717
657,2018-01-19 00:18:11 UTC,2018-01-19 00:18:11 UTC,DE,4.381,192370,11462,5611,10533,35426,129338,android,20170718
658,2018-01-19 00:18:11 UTC,2018-01-19 00:18:11 UTC,DE,4.565,63440,2824,1109,2241,8523,48743,ios,20170718
659,2018-01-19 00:18:11 UTC,2018-01-19 00:18:11 UTC,DE,4.381,192370,11462,5611,10533,35426,129338,android,20170719
660,2018-01-19 00:18:11 UTC,2018-01-19 00:18:11 UTC,DE,4.564,63494,2827,1110,2243,8538,48776,ios,20170719
661,2018-01-19 00:18:11 UTC,2018-01-19 00:18:11 UTC,DE,4.381,192370,11462,5611,10533,35426,129338,android,20170720
662,2018-01-19 00:18:11 UTC,2018-01-19 00:18:11 UTC,DE,4.564,63494,2827,1110,2243,8538,48776,ios,20170720
663,2018-01-19 00:18:11 UTC,2018-01-19 00:18:11 UTC,DE,4.564,63575,2832,1115,2244,8551,48833,ios,20170721
664,2018-01-19 00:18:11 UTC,2018-01-19 00:18:11 UTC,DE,4.381,193268,11489,5624,10574,35595,129986,android,20170721
665,2018-01-19 00:18:11 UTC,2018-01-19 00:18:11 UTC,DE,4.564,63611,2834,1117,2246,8552,48862,ios,20170722
666,2018-01-19 00:18:11 UTC,2018-01-19 00:18:11 UTC,DE,4.381,193268,11489,5624,10574,35595,129986,android,20170722
667,2018-01-19 00:18:11 UTC,2018-01-19 00:18:11 UTC,DE,4.564,63772,2844,1121,2249,8575,48983,ios,20170724
668,2018-01-19 00:18:11 UTC,2018-01-19 00:18:11 UTC,DE,4.381,193268,11489,5624,10574,35595,129986,android,20170724
669,2018-01-19 00:18:11 UTC,2018-01-19 00:18:11 UTC,DE,4.381,193268,11489,5624,10574,35595,129986,android,20170725
670,2018-01-19 00:18:11 UTC,2018-01-19 00:18:11 UTC,DE,4.564,63772,2844,1121,2249,8575,48983,ios,20170725
671,2018-01-19 00:18:11 UTC,2018-01-19 00:18:11 UTC,DE,4.381,193268,11489,5624,10574,35595,129986,android,20170726
672,2018-01-19 00:18:11 UTC,2018-01-19 00:18:11 UTC,DE,4.564,63836,2845,1123,2251,8591,49026,ios,20170726
673,2018-01-19 00:18:11 UTC,2018-01-19 00:18:11 UTC,DE,4.381,193268,11489,5624,10574,35595,129986,android,20170727
674,2018-01-19 00:18:11 UTC,2018-01-19 00:18:11 UTC,DE,4.564,63895,2846,1125,2256,8602,49066,ios,20170727
675,2018-01-19 00:18:11 UTC,2018-01-19 00:18:11 UTC,DE,4.38,194345,11596,5700,10641,35777,130631,android,20170731
676,2018-01-19 00:18:11 UTC,2018-01-19 00:18:11 UTC,DE,4.563,64140,2872,1134,2265,8635,49234,ios,20170731
677,2018-01-19 00:18:11 UTC,2018-01-19 00:18:11 UTC,DE,4.38,194345,11596,5700,10641,35777,130631,android,20170801
678,2018-01-19 00:18:11 UTC,2018-01-19 00:18:11 UTC,DE,4.563,64140,2872,1134,2265,8635,49234,ios,20170801
679,2018-01-19 00:18:11 UTC,2018-01-19 00:18:11 UTC,DE,4.38,194345,11596,5700,10641,35777,130631,android,20170802
680,2018-01-19 00:18:11 UTC,2018-01-19 00:18:11 UTC,DE,4.563,64192,2873,1136,2270,8640,49273,ios,20170802
681,2018-01-19 00:18:11 UTC,2018-01-19 00:18:11 UTC,DE,4.562,64253,2878,1140,2272,8649,49314,ios,20170803
682,2018-01-19 00:18:11 UTC,2018-01-19 00:18:11 UTC,DE,4.376,195468,11822,5766,10698,35952,131230,android,20170803
683,2018-01-19 00:18:11 UTC,2018-01-19 00:18:11 UTC,DE,4.562,64305,2884,1140,2276,8664,49341,ios,20170804
684,2018-01-19 00:18:11 UTC,2018-01-19 00:18:11 UTC,DE,4.376,195468,11822,5766,10698,35952,131230,android,20170804
685,2018-01-19 00:18:11 UTC,2018-01-19 00:18:11 UTC,DE,4.376,195468,11822,5766,10698,35952,131230,android,20170805
686,2018-01-19 00:18:11 UTC,2018-01-19 00:18:11 UTC,DE,4.562,64350,2886,1142,2278,8674,49370,ios,20170805
687,2018-01-19 00:18:11 UTC,2018-01-19 00:18:11 UTC,DE,4.376,195468,11822,5766,10698,35952,131230,android,20170806
688,2018-01-19 00:18:11 UTC,2018-01-19 00:18:11 UTC,DE,4.562,64388,2887,1144,2280,8677,49400,ios,20170806
689,2018-01-19 00:18:11 UTC,2018-01-19 00:18:11 UTC,DE,4.376,195468,11822,5766,10698,35952,131230,android,20170807
690,2018-01-19 00:18:11 UTC,2018-01-19 00:18:11 UTC,DE,4.562,64424,2887,1145,2279,8680,49433,ios,20170807
691,2018-01-19 00:18:11 UTC,2018-01-19 00:18:11 UTC,DE,4.376,195468,11822,5766,10698,35952,131230,android,20170808
692,2018-01-19 00:18:11 UTC,2018-01-19 00:18:11 UTC,DE,4.562,64469,2891,1143,2282,8690,49463,ios,20170808
693,2018-01-19 00:18:11 UTC,2018-01-19 00:18:11 UTC,DE,4.376,195468,11822,5766,10698,35952,131230,android,20170809
694,2018-01-19 00:18:11 UTC,2018-01-19 00:18:11 UTC,DE,4.562,64535,2891,1147,2283,8698,49516,ios,20170809
695,2018-01-19 00:18:11 UTC,2018-01-19 00:18:11 UTC,DE,4.376,195468,11822,5766,10698,35952,131230,android,20170810
696,2018-01-19 00:18:11 UTC,2018-01-19 00:18:11 UTC,DE,4.562,64583,2897,1146,2285,8708,49547,ios,20170810
697,2018-01-19 00:18:11 UTC,2018-01-19 00:18:11 UTC,DE,4.376,196548,11875,5807,10755,36164,131947,android,20170811
698,2018-01-19 00:18:11 UTC,2018-01-19 00:18:11 UTC,DE,4.562,64634,2897,1146,2287,8713,49591,ios,20170811
699,2018-01-19 00:18:11 UTC,2018-01-19 00:18:11 UTC,DE,4.376,196548,11875,5807,10755,36164,131947,android,20170812
700,2018-01-19 00:18:11 UTC,2018-01-19 00:18:11 UTC,DE,4.562,64697,2900,1146,2289,8722,49640,ios,20170812
701,2018-01-19 00:18:11 UTC,2018-01-19 00:18:11 UTC,DE,4.562,64847,2904,1151,2293,8745,49754,ios,20170814
702,2018-01-19 00:18:11 UTC,2018-01-19 00:18:11 UTC,DE,4.376,196548,11875,5807,10755,36164,131947,android,20170814
703,2018-01-19 00:18:11 UTC,2018-01-19 00:18:11 UTC,DE,4.562,64909,2905,1154,2292,8749,49809,ios,20170815
704,2018-01-19 00:18:11 UTC,2018-01-19 00:18:11 UTC,DE,4.376,196548,11875,5807,10755,36164,131947,android,20170815
705,2018-01-19 00:18:11 UTC,2018-01-19 00:18:11 UTC,DE,4.376,196548,11875,5807,10755,36164,131947,android,20170816
706,2018-01-19 00:18:11 UTC,2018-01-19 00:18:11 UTC,DE,4.561,64980,2925,1156,2296,8762,49841,ios,20170816
707,2018-01-19 00:18:11 UTC,2018-01-19 00:18:11 UTC,DE,4.376,196548,11875,5807,10755,36164,131947,android,20170817
708,2018-01-19 00:18:11 UTC,2018-01-19 00:18:11 UTC,DE,4.56,65047,2944,1156,2301,8773,49873,ios,20170817
709,2018-01-19 00:18:11 UTC,2018-01-19 00:18:11 UTC,DE,4.377,197277,11899,5814,10782,36311,132471,android,20170818
710,2018-01-19 00:18:11 UTC,2018-01-19 00:18:11 UTC,DE,4.56,65094,2946,1153,2301,8782,49912,ios,20170818
711,2018-01-19 00:18:11 UTC,2018-01-19 00:18:11 UTC,DE,4.377,197277,11899,5814,10782,36311,132471,android,20170819
712,2018-01-19 00:18:11 UTC,2018-01-19 00:18:11 UTC,DE,4.56,65155,2945,1157,2301,8796,49956,ios,20170819
713,2018-01-19 00:18:11 UTC,2018-01-19 00:18:11 UTC,DE,4.377,197277,11899,5814,10782,36311,132471,android,20170820
714,2018-01-19 00:18:11 UTC,2018-01-19 00:18:11 UTC,DE,4.56,65193,2947,1158,2301,8800,49987,ios,20170820
715,2018-01-19 00:18:11 UTC,2018-01-19 00:18:11 UTC,DE,4.377,197277,11899,5814,10782,36311,132471,android,20170821
716,2018-01-19 00:18:11 UTC,2018-01-19 00:18:11 UTC,DE,4.56,65248,2948,1159,2305,8809,50027,ios,20170821
717,2018-01-19 00:18:11 UTC,2018-01-19 00:18:11 UTC,DE,4.56,65248,2948,1159,2305,8809,50027,ios,20170822
718,2018-01-19 00:18:11 UTC,2018-01-19 00:18:11 UTC,DE,4.377,197277,11899,5814,10782,36311,132471,android,20170822
719,2018-01-19 00:18:11 UTC,2018-01-19 00:18:11 UTC,DE,4.56,65320,2949,1163,2304,8822,50082,ios,20170823
720,2018-01-19 00:18:11 UTC,2018-01-19 00:18:11 UTC,DE,4.377,197277,11899,5814,10782,36311,132471,android,20170823
721,2018-01-19 00:18:11 UTC,2018-01-19 00:18:11 UTC,DE,4.377,197277,11899,5814,10782,36311,132471,android,20170824
722,2018-01-19 00:18:11 UTC,2018-01-19 00:18:11 UTC,DE,4.56,65368,2949,1161,2312,8829,50117,ios,20170824
723,2018-01-19 00:18:11 UTC,2018-01-19 00:18:11 UTC,DE,4.378,198183,11922,5829,10818,36469,133145,android,20170828
724,2018-01-19 00:18:11 UTC,2018-01-19 00:18:11 UTC,DE,4.56,65590,2961,1163,2313,8872,50281,ios,20170828
725,2018-01-19 00:18:11 UTC,2018-01-19 00:18:11 UTC,DE,4.378,198183,11922,5829,10818,36469,133145,android,20170829
726,2018-01-19 00:18:11 UTC,2018-01-19 00:18:11 UTC,DE,4.561,65653,2962,1164,2315,8882,50330,ios,20170829
727,2018-01-19 00:18:11 UTC,2018-01-19 00:18:11 UTC,DE,4.378,198183,11922,5829,10818,36469,133145,android,20170830
728,2018-01-19 00:18:11 UTC,2018-01-19 00:18:11 UTC,DE,4.561,65714,2963,1167,2316,8890,50378,ios,20170830
729,2018-01-19 00:18:11 UTC,2018-01-19 00:18:11 UTC,DE,4.378,198183,11922,5829,10818,36469,133145,android,20170831
730,2018-01-19 00:18:11 UTC,2018-01-19 00:18:11 UTC,DE,4.56,65778,2971,1168,2316,8905,50418,ios,20170831
731,2018-01-19 00:18:11 UTC,2018-01-19 00:18:11 UTC,DE,4.378,199034,11954,5858,10852,36639,133731,android,20170901
732,2018-01-19 00:18:11 UTC,2018-01-19 00:18:11 UTC,DE,4.56,65778,2971,1168,2316,8905,50418,ios,20170901
733,2018-01-19 00:18:11 UTC,2018-01-19 00:18:11 UTC,DE,4.56,65881,2976,1176,2321,8912,50496,ios,20170902
734,2018-01-19 00:18:11 UTC,2018-01-19 00:18:11 UTC,DE,4.378,199034,11954,5858,10852,36639,133731,android,20170902
735,2018-01-19 00:18:11 UTC,2018-01-19 00:18:11 UTC,DE,4.56,65921,2976,1174,2320,8925,50526,ios,20170903
736,2018-01-19 00:18:11 UTC,2018-01-19 00:18:11 UTC,DE,4.378,199034,11954,5858,10852,36639,133731,android,20170903
737,2018-01-19 00:18:11 UTC,2018-01-19 00:18:11 UTC,DE,4.378,199034,11954,5858,10852,36639,133731,android,20170904
738,2018-01-19 00:18:11 UTC,2018-01-19 00:18:11 UTC,DE,4.56,65984,2975,1174,2323,8932,50580,ios,20170904
739,2018-01-19 00:18:11 UTC,2018-01-19 00:18:11 UTC,DE,4.378,199034,11954,5858,10852,36639,133731,android,20170905
740,2018-01-19 00:18:11 UTC,2018-01-19 00:18:11 UTC,DE,4.561,66059,2977,1177,2322,8946,50637,ios,20170905
741,2018-01-19 00:18:11 UTC,2018-01-19 00:18:11 UTC,DE,4.378,199034,11954,5858,10852,36639,133731,android,20170906
742,2018-01-19 00:18:11 UTC,2018-01-19 00:18:11 UTC,DE,4.56,65921,2976,1174,2320,8925,50526,ios,20170906
743,2018-01-19 00:18:11 UTC,2018-01-19 00:18:11 UTC,DE,4.56,66173,2991,1181,2325,8964,50712,ios,20170907
744,2018-01-19 00:18:11 UTC,2018-01-19 00:18:11 UTC,DE,4.378,199034,11954,5858,10852,36639,133731,android,20170907
745,2018-01-19 00:18:11 UTC,2018-01-19 00:18:11 UTC,DE,4.378,199850,12009,5879,10889,36792,134281,android,20170908
746,2018-01-19 00:18:11 UTC,2018-01-19 00:18:11 UTC,DE,4.56,66234,2994,1182,2330,8980,50748,ios,20170908
747,2018-01-19 00:18:11 UTC,2018-01-19 00:18:11 UTC,DE,4.378,199850,12009,5879,10889,36792,134281,android,20170909
748,2018-01-19 00:18:11 UTC,2018-01-19 00:18:11 UTC,DE,4.56,66288,2992,1182,2332,8993,50789,ios,20170909
749,2018-01-19 00:18:11 UTC,2018-01-19 00:18:11 UTC,DE,4.378,199850,12009,5879,10889,36792,134281,android,20170910
750,2018-01-19 00:18:11 UTC,2018-01-19 00:18:11 UTC,DE,4.56,66313,2994,1183,2333,8992,50811,ios,20170910
751,2018-01-19 00:18:11 UTC,2018-01-19 00:18:11 UTC,DE,4.378,199850,12009,5879,10889,36792,134281,android,20170911
752,2018-01-19 00:18:11 UTC,2018-01-19 00:18:11 UTC,DE,4.56,66379,2998,1184,2332,9005,50860,ios,20170911
753,2018-01-19 00:18:11 UTC,2018-01-19 00:18:11 UTC,DE,4.56,66458,2999,1184,2333,9016,50926,ios,20170912
754,2018-01-19 00:18:11 UTC,2018-01-19 00:18:11 UTC,DE,4.378,199850,12009,5879,10889,36792,134281,android,20170912
755,2018-01-19 00:18:11 UTC,2018-01-19 00:18:11 UTC,DE,4.56,66515,2999,1187,2335,9025,50969,ios,20170913
756,2018-01-19 00:18:11 UTC,2018-01-19 00:18:11 UTC,DE,4.378,199850,12009,5879,10889,36792,134281,android,20170913
757,2018-01-19 00:18:11 UTC,2018-01-19 00:18:11 UTC,DE,4.379,200684,12053,5905,10922,36944,134860,android,20170914
758,2018-01-19 00:18:11 UTC,2018-01-19 00:18:11 UTC,DE,4.555,66664,3083,1200,2339,9036,51006,ios,20170914
759,2018-01-19 00:18:11 UTC,2018-01-19 00:18:11 UTC,DE,4.379,200684,12053,5905,10922,36944,134860,android,20170915
760,2018-01-19 00:18:11 UTC,2018-01-19 00:18:11 UTC,DE,4.556,66722,3070,1196,2340,9050,51066,ios,20170915
761,2018-01-19 00:18:11 UTC,2018-01-19 00:18:11 UTC,DE,4.379,200684,12053,5905,10922,36944,134860,android,20170916
762,2018-01-19 00:18:11 UTC,2018-01-19 00:18:11 UTC,DE,4.557,66759,3068,1194,2343,9059,51095,ios,20170916
763,2018-01-19 00:18:11 UTC,2018-01-19 00:18:11 UTC,DE,4.379,200684,12053,5905,10922,36944,134860,android,20170917
764,2018-01-19 00:18:11 UTC,2018-01-19 00:18:11 UTC,DE,4.557,66807,3070,1195,2346,9069,51127,ios,20170917
765,2018-01-19 00:18:11 UTC,2018-01-19 00:18:11 UTC,DE,4.379,200684,12053,5905,10922,36944,134860,android,20170918
766,2018-01-19 00:18:11 UTC,2018-01-19 00:18:11 UTC,DE,4.557,66849,3070,1197,2346,9077,51159,ios,20170918
767,2018-01-19 00:18:11 UTC,2018-01-19 00:18:11 UTC,DE,4.557,66932,3072,1200,2347,9092,51221,ios,20170919
768,2018-01-19 00:18:11 UTC,2018-01-19 00:18:11 UTC,DE,4.379,200684,12053,5905,10922,36944,134860,android,20170919
769,2018-01-19 00:18:11 UTC,2018-01-19 00:18:11 UTC,DE,4.379,200684,12053,5905,10922,36944,134860,android,20170920
770,2018-01-19 00:18:11 UTC,2018-01-19 00:18:11 UTC,DE,4.557,66978,3074,1199,2349,9102,51254,ios,20170920
771,2018-01-19 00:18:11 UTC,2018-01-19 00:18:11 UTC,DE,4.379,201563,12080,5924,10942,37113,135504,android,20170921
772,2018-01-19 00:18:11 UTC,2018-01-19 00:18:11 UTC,DE,4.228,1152,130,29,47,188,758,ios,20170921
773,2018-01-19 00:18:11 UTC,2018-01-19 00:18:11 UTC,DE,4.236,1210,133,32,51,195,799,ios,20170922
774,2018-01-19 00:18:11 UTC,2018-01-19 00:18:11 UTC,DE,4.379,201563,12080,5924,10942,37113,135504,android,20170922
775,2018-01-19 00:18:11 UTC,2018-01-19 00:18:11 UTC,DE,4.379,201563,12080,5924,10942,37113,135504,android,20170925
776,2018-01-19 00:18:11 UTC,2018-01-19 00:18:11 UTC,DE,4.264,1329,140,35,53,207,894,ios,20170925
777,2018-01-19 00:18:11 UTC,2018-01-19 00:18:11 UTC,DE,4.379,201563,12080,5924,10942,37113,135504,android,20170926
778,2018-01-19 00:18:11 UTC,2018-01-19 00:18:11 UTC,DE,4.275,1375,141,36,54,217,927,ios,20170926
779,2018-01-19 00:18:11 UTC,2018-01-19 00:18:11 UTC,DE,4.379,201563,12080,5924,10942,37113,135504,android,20170927
780,2018-01-19 00:18:11 UTC,2018-01-19 00:18:11 UTC,DE,4.185,1452,182,39,58,223,950,ios,20170927
781,2018-01-19 00:18:11 UTC,2018-01-19 00:18:11 UTC,DE,4.379,201563,12080,5924,10942,37113,135504,android,20170928
782,2018-01-19 00:18:11 UTC,2018-01-19 00:18:11 UTC,DE,4.185,1452,182,39,58,223,950,ios,20170928
783,2018-01-19 00:18:11 UTC,2018-01-19 00:18:11 UTC,DE,4.38,203524,12174,5979,11037,37500,136834,android,20171010
784,2018-01-19 00:18:11 UTC,2018-01-19 00:18:11 UTC,DE,4.554,67810,3148,1221,2392,9230,51819,ios,20171010
785,2018-01-19 00:18:11 UTC,2018-01-19 00:18:11 UTC,DE,4.38,203524,12174,5979,11037,37500,136834,android,20171011
786,2018-01-19 00:18:11 UTC,2018-01-19 00:18:11 UTC,DE,4.554,67810,3148,1221,2392,9230,51819,ios,20171011
787,2018-01-19 00:18:11 UTC,2018-01-19 00:18:11 UTC,DE,4.553,67845,3152,1223,2393,9234,51843,ios,20171012
788,2018-01-19 00:18:11 UTC,2018-01-19 00:18:11 UTC,DE,4.38,204521,12220,6007,11073,37682,137539,android,20171012
789,2018-01-19 00:18:11 UTC,2018-01-19 00:18:11 UTC,DE,4.38,204521,12220,6007,11073,37682,137539,android,20171017
790,2018-01-19 00:18:11 UTC,2018-01-19 00:18:11 UTC,DE,4.553,67945,3161,1226,2393,9249,51916,ios,20171017
791,2018-01-19 00:18:11 UTC,2018-01-19 00:18:11 UTC,DE,4.38,204521,12220,6007,11073,37682,137539,android,20171018
792,2018-01-19 00:18:11 UTC,2018-01-19 00:18:11 UTC,DE,4.553,67980,3164,1226,2394,9254,51942,ios,20171018
793,2018-01-19 00:18:11 UTC,2018-01-19 00:18:11 UTC,DE,4.381,205378,12253,6022,11102,37842,138159,android,20171019
794,2018-01-19 00:18:11 UTC,2018-01-19 00:18:11 UTC,DE,4.553,68003,3167,1227,2394,9264,51951,ios,20171019
795,2018-01-19 00:18:11 UTC,2018-01-19 00:18:11 UTC,DE,4.553,68029,3170,1229,2396,9268,51966,ios,20171020
796,2018-01-19 00:18:11 UTC,2018-01-19 00:18:11 UTC,DE,4.381,205378,12253,6022,11102,37842,138159,android,20171020
797,2018-01-19 00:18:11 UTC,2018-01-19 00:18:11 UTC,DE,4.381,205378,12253,6022,11102,37842,138159,android,20171023
798,2018-01-19 00:18:11 UTC,2018-01-19 00:18:11 UTC,DE,4.552,68125,3178,1230,2404,9289,52024,ios,20171023
799,2018-01-19 00:18:11 UTC,2018-01-19 00:18:11 UTC,DE,4.381,205378,12253,6022,11102,37842,138159,android,20171024
800,2018-01-19 00:18:11 UTC,2018-01-19 00:18:11 UTC,DE,4.552,68154,3178,1231,2406,9290,52049,ios,20171024
801,2018-01-19 00:18:11 UTC,2018-01-19 00:18:11 UTC,DE,4.382,206135,12275,6025,11131,37990,138714,android,20171101
802,2018-01-19 00:18:11 UTC,2018-01-19 00:18:11 UTC,DE,4.552,68318,3185,1239,2419,9320,52155,ios,20171101
803,2018-01-19 00:18:11 UTC,2018-01-19 00:18:11 UTC,DE,4.383,206945,12294,6043,11161,38151,139296,android,20171106
804,2018-01-19 00:18:11 UTC,2018-01-19 00:18:11 UTC,DE,4.552,68423,3193,1238,2424,9345,52223,ios,20171106
805,2018-01-19 00:18:11 UTC,2018-01-19 00:18:11 UTC,DE,4.383,206945,12294,6043,11161,38151,139296,android,20171107
806,2018-01-19 00:18:11 UTC,2018-01-19 00:18:11 UTC,DE,4.552,68454,3196,1237,2426,9351,52244,ios,20171107
807,2018-01-19 00:18:11 UTC,2018-01-19 00:18:11 UTC,DE,4.383,206945,12294,6043,11161,38151,139296,android,20171108
808,2018-01-19 00:18:11 UTC,2018-01-19 00:18:11 UTC,DE,4.552,68466,3194,1240,2425,9351,52256,ios,20171108
809,2018-01-19 00:18:11 UTC,2018-01-19 00:18:11 UTC,DE,4.383,206945,12294,6043,11161,38151,139296,android,20171109
810,2018-01-19 00:18:11 UTC,2018-01-19 00:18:11 UTC,DE,4.552,68466,3194,1240,2425,9351,52256,ios,20171109
811,2018-01-19 00:18:11 UTC,2018-01-19 00:18:11 UTC,DE,4.383,207711,12313,6045,11193,38306,139854,android,20171110
812,2018-01-19 00:18:11 UTC,2018-01-19 00:18:11 UTC,DE,4.551,68505,3197,1240,2429,9361,52278,ios,20171110
813,2018-01-19 00:18:11 UTC,2018-01-19 00:18:11 UTC,DE,4.383,207711,12313,6045,11193,38306,139854,android,20171111
814,2018-01-19 00:18:11 UTC,2018-01-19 00:18:11 UTC,DE,4.551,68525,3199,1241,2431,9361,52293,ios,20171111
815,2018-01-19 00:18:11 UTC,2018-01-19 00:18:11 UTC,DE,4.383,207711,12313,6045,11193,38306,139854,android,20171112
816,2018-01-19 00:18:11 UTC,2018-01-19 00:18:11 UTC,DE,4.551,68542,3199,1241,2431,9370,52301,ios,20171112
817,2018-01-19 00:18:11 UTC,2018-01-19 00:18:11 UTC,DE,4.551,68567,3199,1241,2434,9373,52320,ios,20171113
818,2018-01-19 00:18:11 UTC,2018-01-19 00:18:11 UTC,DE,4.383,207711,12313,6045,11193,38306,139854,android,20171113
819,2018-01-19 00:18:11 UTC,2018-01-19 00:18:11 UTC,DE,4.383,207711,12313,6045,11193,38306,139854,android,20171114
820,2018-01-19 00:18:11 UTC,2018-01-19 00:18:11 UTC,DE,4.551,68594,3205,1244,2436,9383,52326,ios,20171114
821,2018-01-19 00:18:11 UTC,2018-01-19 00:18:11 UTC,DE,4.559,72093,3244,1262,2582,9884,55121,ios,20171115
822,2018-01-19 00:18:11 UTC,2018-01-19 00:18:11 UTC,DE,4.383,207711,12313,6045,11193,38306,139854,android,20171115
823,2018-01-19 00:18:11 UTC,2018-01-19 00:18:11 UTC,DE,4.384,208367,12334,6060,11210,38412,140351,android,20171116
824,2018-01-19 00:18:11 UTC,2018-01-19 00:18:11 UTC,DE,4.559,72093,3244,1262,2582,9884,55121,ios,20171116
825,2018-01-19 00:18:11 UTC,2018-01-19 00:18:11 UTC,DE,4.385,208917,12348,6070,11221,38520,140758,android,20171129
826,2018-01-19 00:18:11 UTC,2018-01-19 00:18:11 UTC,DE,4.674,192932,4004,1864,6826,27563,152675,ios,20171129
827,2018-01-19 00:18:11 UTC,2018-01-19 00:18:11 UTC,DE,4.385,209544,12376,6082,11243,38631,141212,android,20171130
828,2018-01-19 00:18:11 UTC,2018-01-19 00:18:11 UTC,DE,4.677,200310,4054,1892,7120,28642,158602,ios,20171130
829,2018-01-19 00:18:11 UTC,2018-01-19 00:18:11 UTC,DE,4.679,206550,4088,1930,7354,29517,163661,ios,20171201
830,2018-01-19 00:18:11 UTC,2018-01-19 00:18:11 UTC,DE,4.385,209544,12376,6082,11243,38631,141212,android,20171201
831,2018-01-19 00:18:11 UTC,2018-01-19 00:18:11 UTC,DE,4.385,209544,12376,6082,11243,38631,141212,android,20171204
832,2018-01-19 00:18:11 UTC,2018-01-19 00:18:11 UTC,DE,4.684,225252,4186,2036,8038,32355,178637,ios,20171204
833,2018-01-19 00:18:11 UTC,2018-01-19 00:18:11 UTC,DE,4.385,209544,12376,6082,11243,38631,141212,android,20171205
834,2018-01-19 00:18:11 UTC,2018-01-19 00:18:11 UTC,DE,4.686,234709,4255,2073,8367,33818,186196,ios,20171205
835,2018-01-19 00:18:11 UTC,2018-01-19 00:18:11 UTC,DE,4.385,209544,12376,6082,11243,38631,141212,android,20171206
836,2018-01-19 00:18:11 UTC,2018-01-19 00:18:11 UTC,DE,4.687,241029,4309,2099,8591,34825,191205,ios,20171206
837,2018-01-19 00:18:11 UTC,2018-01-19 00:18:11 UTC,DE,4.688,246830,4356,2126,8801,35667,195880,ios,20171207
838,2018-01-19 00:18:11 UTC,2018-01-19 00:18:11 UTC,DE,4.385,209544,12376,6082,11243,38631,141212,android,20171207
839,2018-01-19 00:18:11 UTC,2018-01-19 00:18:11 UTC,DE,4.385,210131,12413,6100,11262,38757,141599,android,20171208
840,2018-01-19 00:18:11 UTC,2018-01-19 00:18:11 UTC,DE,4.689,252515,4394,2153,9015,36511,200442,ios,20171208
841,2018-01-19 00:18:11 UTC,2018-01-19 00:18:11 UTC,DE,4.385,210131,12413,6100,11262,38757,141599,android,20171209
842,2018-01-19 00:18:11 UTC,2018-01-19 00:18:11 UTC,DE,4.69,258717,4444,2185,9220,37424,205444,ios,20171209
843,2018-01-19 00:18:11 UTC,2018-01-19 00:18:11 UTC,DE,4.691,262743,4480,2206,9355,37978,208724,ios,20171210
844,2018-01-19 00:18:11 UTC,2018-01-19 00:18:11 UTC,DE,4.385,210131,12413,6100,11262,38757,141599,android,20171210
845,2018-01-19 00:18:11 UTC,2018-01-19 00:18:11 UTC,DE,4.692,268534,4514,2241,9574,38871,213334,ios,20171211
846,2018-01-19 00:18:11 UTC,2018-01-19 00:18:11 UTC,DE,4.385,210131,12413,6100,11262,38757,141599,android,20171211
847,2018-01-19 00:18:11 UTC,2018-01-19 00:18:11 UTC,DE,4.385,210131,12413,6100,11262,38757,141599,android,20171212
848,2018-01-19 00:18:11 UTC,2018-01-19 00:18:11 UTC,DE,4.693,276324,4568,2273,9839,40061,219583,ios,20171212
849,2018-01-19 00:18:11 UTC,2018-01-19 00:18:11 UTC,DE,4.694,281775,4603,2291,10047,40846,223988,ios,20171213
850,2018-01-19 00:18:11 UTC,2018-01-19 00:18:11 UTC,DE,4.385,210131,12413,6100,11262,38757,141599,android,20171213
851,2018-01-19 00:18:11 UTC,2018-01-19 00:18:11 UTC,DE,4.385,210131,12413,6100,11262,38757,141599,android,20171214
852,2018-01-19 00:18:11 UTC,2018-01-19 00:18:11 UTC,DE,4.695,286928,4629,2317,10225,41627,228130,ios,20171214
853,2018-01-19 00:18:11 UTC,2018-01-19 00:18:11 UTC,DE,4.695,291925,4671,2345,10442,42322,232145,ios,20171215
854,2018-01-19 00:18:11 UTC,2018-01-19 00:18:11 UTC,DE,4.385,210624,12441,6108,11287,38853,141935,android,20171215
855,2018-01-19 00:18:11 UTC,2018-01-19 00:18:11 UTC,DE,4.708,415442,5556,2987,14882,60504,331513,ios,20180111
856,2018-01-19 00:18:11 UTC,2018-01-19 00:18:11 UTC,DE,4.449,236996,12461,6090,11350,39745,167350,android,20180111
857,2018-01-19 01:23:51 UTC,2018-01-19 01:23:51 UTC,DE,4.5,444475,5671,3079,15910,64904,354911,ios,20180119
858,2018-01-19 01:23:52 UTC,2018-01-19 01:23:52 UTC,ALL,4.44911,236996,12461,6090,11350,39745,167350,android,20180119
859,2018-01-19 01:25:09 UTC,2018-01-19 01:25:09 UTC,DE,4.5,444475,5671,3079,15910,64904,354911,ios,20180119
860,2018-01-19 01:25:10 UTC,2018-01-19 01:25:10 UTC,ALL,4.44911,236996,12461,6090,11350,39745,167350,android,20180119
861,2018-01-19 01:26:22 UTC,2018-01-19 01:26:22 UTC,DE,4.5,444475,5671,3079,15910,64904,354911,ios,20180119
862,2018-01-19 01:26:22 UTC,2018-01-19 01:26:22 UTC,ALL,4.44911,236996,12461,6090,11350,39745,167350,android,20180119
863,2018-01-19 01:30:49 UTC,2018-01-19 01:30:49 UTC,DE,4.5,444475,5671,3079,15910,64904,354911,ios,20180119
864,2018-01-19 01:30:50 UTC,2018-01-19 01:30:50 UTC,ALL,4.44911,236996,12461,6090,11350,39745,167350,android,20180119
865,2018-01-19 21:02:17 UTC,2018-01-19 21:02:17 UTC,DE,4.5,444475,5671,3079,15910,64904,354911,ios,20180119
866,2018-01-19 21:02:18 UTC,2018-01-19 21:02:18 UTC,ALL,4.44911,236996,12461,6090,11350,39745,167350,android,20180119
867,2018-01-19 21:02:33 UTC,2018-01-19 21:02:33 UTC,DE,4.5,444475,5671,3079,15910,64904,354911,ios,20180119
868,2018-01-19 21:02:33 UTC,2018-01-19 21:02:33 UTC,ALL,4.44911,236996,12461,6090,11350,39745,167350,android,20180119
869,2018-01-19 21:04:01 UTC,2018-01-19 21:04:01 UTC,DE,4.5,444475,5671,3079,15910,64904,354911,ios,20180119
870,2018-01-19 21:04:02 UTC,2018-01-19 21:04:02 UTC,ALL,4.44911,236996,12461,6090,11350,39745,167350,android,20180119
